Account,Company,Contact,Address Line1,Address Line2,Address Line3,City,Country,PostCode,Phone_Number
4444,immagination,huma,hemel hempstead,,,edinburg,united kingdom,hp3 9wz,1923264263
4444,one world,ahmad,kings langley,,,london,united kingdom,hp3 9wz,1923264263
4444,mentor,saeed,watford,,,london,united kingdom,hp3 9wz,1923264263
4444,innovative,owais,harrow,,,saint albans,united kingdom,hp3 9wz,1923264263
4444,immagination,huma,hemel hempstead,,,edinburg,united kingdom,hp3 9wz,1923264263
4444,one world,ahmad,kings langley,,,london,united kingdom,hp3 9wz,1923264263
4444,mentor,saeed,watford,,,london,united kingdom,hp3 9wz,1923264263
4444,innovative,owais,harrow,,,saint albans,united kingdom,hp3 9wz,1923264263
4444,immagination,huma,hemel hempstead,,,edinburg,united kingdom,hp3 9wz,1923264263
4444,one world,ahmad,kings langley,,,london,united kingdom,hp3 9wz,1923264263
4444,mentor,saeed,watford,,,london,united kingdom,hp3 9wz,1923264263
4444,innovative,owais,harrow,,,saint albans,united kingdom,hp3 9wz,1923264263
