Routing Name,COUNTRY ,From PostCode,To PostCode,service type,0.25,0.5,0.75,1,1.25,1.5,1.75,2,2.5,3,3.5,4,4.5,5,5.5,6,6.5,7,7.5,8,8.5,9,9.5,10,10.5,11,11.5,12,12.5,13,13.5,14,14.5,15,15.5,16,16.5,17,17.5,18,18.5,19,19.5,20,20.5,21,21.5,22,22.5,23,23.5,24,24.5,25,25.5,26,26.5,27,27.5,28,28.5,29,29.5,30
kiran,Albania,UB35zx,SW15xz,PR,3HS,3HS,3HS,3HS,3HS,3HS,3HS,3HS,3HS,3HS,3HS,3HS,3HS,3HS,3HS,3HS,3HS,3HS,3HS,3HS,3HS,TP2,TP2,TP2,DOX,DOX,DOX,2S,2S,2S,2S,2S,2S,2S,2S,2S,2S,2S,2S,2S,2S,2S,2S,2S,2S,2S,2S,2S,2S,2S,2S,2S,2S,2S,2S,2S,2S,2S,2S,2S,2S,2S,2S,2S
kiran,Algeria,SW15xz,SW15xz,PR,2S,2S,2S,2S,2S,2S,2S,2S,2S,2S,2S,2S,2S,2S,2S,2S,2S,2S,2S,2S,2S,2S,2S,2S,2S,2S,2S,2S,2S,2S,2S,2S,2S,2S,2S,2S,2S,2S,2S,2S,2S,2S,2S,2S,2S,2S,2S,2S,2S,2S,2S,2S,2S,2S,2S,2S,2S,2S,2S,2S,2S,2S,2S,2S
kiran,American Samoa,UB35zx,SW15xz,PR,2S,2S,2S,2S,2S,2S,2S,2S,2S,2S,2S,2S,2S,2S,2S,2S,2S,2S,2S,2S,2S,2S,2S,2S,,,,,2S,2S,2S,2S,2S,2S,2S,2S,2S,,,,,2S,2S,2S,2S,2S,2S,2S,2S,2S,,,,,2S,2S,2S,2S,2S,2S,2S,2S,2S,
kiran,Andorra,SW15xz,SW15xz,PR,TP2,TP2,TP2,TP2,TP2,TP2,TP2,TP2,TP2,TP2,TP2,TP2,TP2,TP2,2S,2S,2S,TP2,TP2,TP2,TP2,TP2,TP2,TP2,DOX,DOX,DOX,DOX,2S,2S,TP2,TP2,TP2,TP2,TP2,TP2,TP2,DOX,DOX,DOX,DOX,2S,2S,TP2,TP2,TP2,TP2,TP2,TP2,TP2,DOX,DOX,DOX,DOX,2S,2S,TP2,TP2,TP2,TP2,TP2,TP2,TP2,DOX
kiran,Angola,UB35zx,SW15xz,PR,TP2,TP2,TP2,TP2,TP2,TP2,TP2,TP2,TP2,TP2,TP2,TP2,TP2,TP2,TP2,TP2,TP2,TP2,TP2,TP2,TP2,TP2,TP2,TP2,TP2,TP2,TP2,TP2,TP2,TP2,TP2,TP2,TP2,TP2,TP2,TP2,TP2,TP2,TP2,TP2,TP2,TP2,TP2,TP2,TP2,TP2,TP2,TP2,TP2,TP2,TP2,TP2,TP2,TP2,TP2,TP2,TP2,TP2,TP2,TP2,TP2,TP2,TP2,TP2
kiran,Anguilla,SW15xz,SW15xz,PR,TP2,TP2,TP2,TP2,TP2,TP2,TP2,TP2,2S,2S,2S,2S,2S,2S,2S,2S,2S,2S,2S,2S,2S,2S,2S,2S,2S,2S,2S,2S,2S,2S,2S,2S,2S,2S,2S,2S,2S,2S,2S,2S,2S,2S,2S,2S,2S,2S,2S,2S,2S,2S,2S,2S,2S,2S,2S,2S,2S,2S,2S,2S,2S,2S,2S,2S
kiran,Antarctica,UB35zx,SW15xz,PR,TP2,1,4,,,,,,,,,,,,,,,,,,,,,,,,,,,,,,,,,,,,,,,,,,,,,,,,,,,,,,,,,,,,,
kiran,Antigua and Barbuda,SW15xz,SW15xz,PR,TP2,TP2,TP2,TP2,TP2,TP2,TP2,TP2,TP2,TP2,TP2,TP2,TP2,TP2,TP2,TP2,TP2,TP2,TP2,TP2,TP2,TP2,TP2,TP2,TP2,DOX,DOX,DOX,TP2,TP2,TP2,TP2,TP2,TP2,TP2,TP2,TP2,TP2,DOX,DOX,DOX,TP2,TP2,TP2,TP2,TP2,TP2,TP2,TP2,TP2,TP2,DOX,DOX,DOX,TP2,TP2,TP2,TP2,TP2,TP2,TP2,TP2,TP2,TP2
kiran,Argentina,UB35zx,SW15xz,PR,2S,2S,2S,2S,2S,2S,2S,2S,2S,2S,2S,2S,2S,2S,2S,2S,2S,2S,2S,2S,2S,TP2,TP2,TP2,TP2,DOX,DOX,DOX,2S,2S,2S,2S,2S,2S,TP2,TP2,TP2,TP2,DOX,DOX,DOX,2S,2S,2S,2S,2S,2S,TP2,TP2,TP2,TP2,DOX,DOX,DOX,2S,2S,2S,2S,2S,2S,TP2,TP2,TP2,TP2
kiran,Armenia,SW15xz,SW15xz,PR,TP2,2,5,,,,,,,,,,,,,,,,,,,,,,,,,,,,,,,,,,,,,,,,,,,,,,,,,,,,,,,,,,,,,
kiran,Aruba,UB35zx,SW15xz,PR,TP2,TP2,TP2,3HS,TP2,3HS,TP2,TP2,3HS,3HS,TP2,TP2,TP2,TP2,3HS,DOX,DOX,DOX,DOX,DOX,DOX,DOX,DOX,DOX,DOX,DOX,DOX,DOX,DOX,DOX,DOX,DOX,DOX,DOX,DOX,DOX,DOX,DOX,DOX,DOX,DOX,DOX,DOX,DOX,DOX,DOX,DOX,DOX,DOX,DOX,DOX,DOX,DOX,DOX,DOX,DOX,DOX,DOX,DOX,DOX,DOX,DOX,DOX,DOX
kiran,Australia,SW15xz,SW15xz,PR,TP2S,TP2S,TP2S,TP2S,TP2S,2S,2S,2S,2S,2S,2S,2S,2S,2S,2S,2S,2S,2S,2S,2S,2S,2S,2S,2S,DOX,DOX,DOX,DOX,2S,2S,2S,2S,2S,2S,2S,2S,2S,DOX,DOX,DOX,DOX,2S,2S,2S,2S,2S,2S,2S,2S,2S,DOX,DOX,DOX,DOX,2S,2S,2S,2S,2S,2S,2S,2S,2S,DOX
kiran,Austria,UB35zx,SW15xz,PR,TP2,TP2,TP2,TP2,TP2,TP2,TP2,TP2,TP2,TP2,TP2,TP2,TP2,TP2,TP2,TP2,TP2,TP2,TP2,TP2,TP2,TP2,TP2,TP2,ECX,ECX,ECX,ECX,TP2,TP2,TP2,TP2,TP2,TP2,TP2,TP2,TP2,ECX,ECX,ECX,ECX,TP2,TP2,TP2,TP2,TP2,TP2,TP2,TP2,TP2,ECX,ECX,ECX,ECX,TP2,TP2,TP2,TP2,TP2,TP2,TP2,TP2,TP2,ECX
kiran,Azerbaijan,SW15xz,SW15xz,PR,TP2,TP2,TP2,TP2,TP2,TP2,TP2,TP2,TP2,TP2,TP2,TP2,TP2,TP2,TP2,TP2,TP2,TP2,TP2,TP2,TP2,TP2,TP2,TP2,DOX,DOX,DOX,DOX,TP2,TP2,TP2,TP2,TP2,TP2,TP2,TP2,TP2,DOX,DOX,DOX,DOX,TP2,TP2,TP2,TP2,TP2,TP2,TP2,TP2,TP2,DOX,DOX,DOX,DOX,TP2,TP2,TP2,TP2,TP2,TP2,TP2,TP2,TP2,DOX
kiran,Bahamas,UB35zx,SW15xz,PR,2S,2S,2S,2S,2S,2S,2S,2S,2S,2S,DOX,DOX,DOX,DOX,DOX,DOX,DOX,DOX,DOX,DOX,DOX,DOX,DOX,DOX,DOX,DOX,DOX,DOX,DOX,DOX,DOX,DOX,DOX,DOX,DOX,DOX,DOX,DOX,DOX,DOX,DOX,DOX,DOX,DOX,DOX,DOX,DOX,DOX,DOX,DOX,DOX,DOX,DOX,DOX,DOX,DOX,DOX,DOX,DOX,DOX,DOX,DOX,DOX,DOX
kiran,Bahrain,SW15xz,SW15xz,PR,3HS,10,15,,,,,,,,,,,,,,,,,,,,,,,,,,,,,,,,,,,,,,,,,,,,,,,,,,,,,,,,,,,,,
kiran,Bangladesh,UB35zx,SW15xz,PR,2S,2S,2S,2S,2S,2S,2S,2S,2S,2S,2S,2S,2S,2S,2S,2S,2S,2S,2S,2S,2S,2S,2S,2S,2S,2S,2S,2S,2S,2S,2S,2S,2S,2S,2S,2S,2S,2S,2S,2S,2S,2S,2S,2S,2S,2S,2S,2S,2S,2S,2S,2S,2S,2S,2S,2S,2S,2S,2S,2S,2S,2S,2S,2S
kiran,Barbados,SW15xz,SW15xz,PR,2S,2S,2S,2S,2S,2S,2S,2S,2S,2S,2S,2S,2S,2S,2S,2S,2S,2S,2S,2S,2S,2S,2S,2S,,,,,2S,2S,2S,2S,2S,2S,2S,2S,2S,,,,,2S,2S,2S,2S,2S,2S,2S,2S,2S,,,,,2S,2S,2S,2S,2S,2S,2S,2S,2S,
kiran,Belarus,UB35zx,SW15xz,PR,TP2,TP2,TP2,TP2,TP2,TP2,TP2,TP2,TP2,TP2,TP2,TP2,TP2,TP2,2S,2S,2S,TP2,TP2,TP2,TP2,TP2,TP2,TP2,DOX,DOX,DOX,DOX,2S,2S,TP2,TP2,TP2,TP2,TP2,TP2,TP2,DOX,DOX,DOX,DOX,2S,2S,TP2,TP2,TP2,TP2,TP2,TP2,TP2,DOX,DOX,DOX,DOX,2S,2S,TP2,TP2,TP2,TP2,TP2,TP2,TP2,DOX
kiran,Belgium,SW15xz,SW15xz,PR,TP2,TP2,TP2,TP2,TP2,TP2,TP2,TP2,TP2,TP2,TP2,TP2,TP2,TP2,TP2,TP2,TP2,TP2,TP2,TP2,TP2,TP2,TP2,TP2,TP2,TP2,TP2,TP2,TP2,TP2,TP2,TP2,TP2,TP2,TP2,TP2,TP2,TP2,TP2,TP2,TP2,TP2,TP2,TP2,TP2,TP2,TP2,TP2,TP2,TP2,TP2,TP2,TP2,TP2,TP2,TP2,TP2,TP2,TP2,TP2,TP2,TP2,TP2,TP2
kiran,Belize,UB35zx,SW15xz,PR,TP2,TP2,TP2,TP2,TP2,TP2,TP2,TP2,2S,2S,2S,2S,2S,2S,2S,2S,2S,2S,2S,2S,2S,2S,2S,2S,2S,2S,2S,2S,2S,2S,2S,2S,2S,2S,2S,2S,2S,2S,2S,2S,2S,2S,2S,2S,2S,2S,2S,2S,2S,2S,2S,2S,2S,2S,2S,2S,2S,2S,2S,2S,2S,2S,2S,2S
kiran,Benin,SW15xz,SW15xz,PR,TP2,1,2,,,,,,,,,,,,,,,,,,,,,,,,,,,,,,,,,,,,,,,,,,,,,,,,,,,,,,,,,,,,,
kiran,Bermuda,UB35zx,SW15xz,PR,TP2,TP2,TP2,TP2,TP2,TP2,TP2,TP2,TP2,TP2,TP2,TP2,TP2,TP2,TP2,TP2,TP2,TP2,TP2,TP2,TP2,TP2,TP2,TP2,TP2,DOX,DOX,DOX,TP2,TP2,TP2,TP2,TP2,TP2,TP2,TP2,TP2,TP2,DOX,DOX,DOX,TP2,TP2,TP2,TP2,TP2,TP2,TP2,TP2,TP2,TP2,DOX,DOX,DOX,TP2,TP2,TP2,TP2,TP2,TP2,TP2,TP2,TP2,TP2
kiran,Bhutan,SW15xz,SW15xz,PR,2S,2S,2S,2S,2S,2S,2S,2S,2S,2S,2S,2S,2S,2S,2S,2S,2S,2S,2S,2S,2S,TP2,TP2,TP2,TP2,DOX,DOX,DOX,2S,2S,2S,2S,2S,2S,TP2,TP2,TP2,TP2,DOX,DOX,DOX,2S,2S,2S,2S,2S,2S,TP2,TP2,TP2,TP2,DOX,DOX,DOX,2S,2S,2S,2S,2S,2S,TP2,TP2,TP2,TP2
kiran,Bolivia,UB35zx,SW15xz,PR,TP2,TP2,TP2,TP2,TP2,TP2,TP2,TP2,2S,2S,2S,TP2,TP2,TP2,2S,2S,2S,2S,2S,2S,2S,2S,2S,2S,ECX,ECX,ECX,ECX,2S,2S,2S,2S,2S,2S,2S,2S,2S,ECX,ECX,ECX,ECX,2S,2S,2S,2S,2S,2S,2S,2S,2S,ECX,ECX,ECX,ECX,2S,2S,2S,2S,2S,2S,2S,2S,2S,ECX
kiran,Bosnia and Herzegovina,SW15xz,SW15xz,PR,TP2,TP2,TP2,3HS,TP2,3HS,TP2,TP2,3HS,3HS,TP2,TP2,TP2,TP2,3HS,DOX,DOX,DOX,DOX,DOX,DOX,DOX,DOX,DOX,DOX,DOX,DOX,DOX,DOX,DOX,DOX,DOX,DOX,DOX,DOX,DOX,DOX,DOX,DOX,DOX,DOX,DOX,DOX,DOX,DOX,DOX,DOX,DOX,DOX,DOX,DOX,DOX,DOX,DOX,DOX,DOX,DOX,DOX,DOX,DOX,DOX,DOX,DOX,DOX
kiran,Botswana,UB35zx,SW15xz,PR,TP2S,TP2S,TP2S,TP2S,TP2S,2S,2S,2S,2S,2S,2S,2S,2S,2S,2S,2S,2S,2S,2S,2S,2S,2S,2S,2S,DOX,DOX,DOX,DOX,2S,2S,2S,2S,2S,2S,2S,2S,2S,DOX,DOX,DOX,DOX,2S,2S,2S,2S,2S,2S,2S,2S,2S,DOX,DOX,DOX,DOX,2S,2S,2S,2S,2S,2S,2S,2S,2S,DOX
kiran,Bouvet Island,SW15xz,SW15xz,PR,TP2,TP2,TP2,TP2,TP2,TP2,TP2,TP2,TP2,TP2,TP2,TP2,TP2,TP2,TP2,TP2,TP2,TP2,TP2,TP2,TP2,TP2,TP2,TP2,ECX,ECX,ECX,ECX,TP2,TP2,TP2,TP2,TP2,TP2,TP2,TP2,TP2,ECX,ECX,ECX,ECX,TP2,TP2,TP2,TP2,TP2,TP2,TP2,TP2,TP2,ECX,ECX,ECX,ECX,TP2,TP2,TP2,TP2,TP2,TP2,TP2,TP2,TP2,ECX
kiran,Brazil,UB35zx,SW15xz,PR,TP2,TP2,TP2,TP2,TP2,TP2,TP2,TP2,TP2,TP2,TP2,TP2,TP2,TP2,TP2,TP2,TP2,TP2,TP2,TP2,TP2,TP2,TP2,TP2,DOX,DOX,DOX,DOX,TP2,TP2,TP2,TP2,TP2,TP2,TP2,TP2,TP2,DOX,DOX,DOX,DOX,TP2,TP2,TP2,TP2,TP2,TP2,TP2,TP2,TP2,DOX,DOX,DOX,DOX,TP2,TP2,TP2,TP2,TP2,TP2,TP2,TP2,TP2,DOX
kiran,British Indian Ocean Territory,SW15xz,SW15xz,PR,2S,2S,2S,2S,2S,2S,2S,2S,2S,2S,DOX,DOX,DOX,DOX,DOX,DOX,DOX,DOX,DOX,DOX,DOX,DOX,DOX,DOX,DOX,DOX,DOX,DOX,DOX,DOX,DOX,DOX,DOX,DOX,DOX,DOX,DOX,DOX,DOX,DOX,DOX,DOX,DOX,DOX,DOX,DOX,DOX,DOX,DOX,DOX,DOX,DOX,DOX,DOX,DOX,DOX,DOX,DOX,DOX,DOX,DOX,DOX,DOX,DOX
kiran,Brunei Darussalam,UB35zx,SW15xz,PR,3HS,3HS,3HS,3HS,3HS,3HS,3HS,3HS,3HS,3HS,3HS,3HS,3HS,3HS,3HS,3HS,3HS,3HS,3HS,3HS,3HS,TP2,TP2,TP2,DOX,DOX,DOX,DOX,3HS,3HS,3HS,3HS,3HS,3HS,TP2,TP2,TP2,DOX,DOX,DOX,DOX,3HS,3HS,3HS,3HS,3HS,3HS,TP2,TP2,TP2,DOX,DOX,DOX,DOX,3HS,3HS,3HS,3HS,3HS,3HS,TP2,TP2,TP2,DOX
kiran,Bulgaria,SW15xz,SW15xz,PR,2S,2S,2S,2S,2S,2S,2S,2S,2S,2S,2S,2S,2S,2S,2S,2S,2S,2S,2S,2S,2S,2S,2S,2S,2S,2S,2S,2S,2S,2S,2S,2S,2S,2S,2S,2S,2S,2S,2S,2S,2S,2S,2S,2S,2S,2S,2S,2S,2S,2S,2S,2S,2S,2S,2S,2S,2S,2S,2S,2S,2S,2S,2S,2S
kiran,Burkina Faso,UB35zx,SW15xz,PR,2S,2S,2S,2S,2S,2S,2S,2S,2S,2S,2S,2S,2S,2S,2S,2S,2S,2S,2S,2S,2S,2S,2S,2S,,,,,2S,2S,2S,2S,2S,2S,2S,2S,2S,,,,,2S,2S,2S,2S,2S,2S,2S,2S,2S,,,,,2S,2S,2S,2S,2S,2S,2S,2S,2S,
kiran,Burundi,SW15xz,SW15xz,PR,TP2,TP2,TP2,TP2,TP2,TP2,TP2,TP2,TP2,TP2,TP2,TP2,TP2,TP2,2S,2S,2S,TP2,TP2,TP2,TP2,TP2,TP2,TP2,DOX,DOX,DOX,DOX,2S,2S,TP2,TP2,TP2,TP2,TP2,TP2,TP2,DOX,DOX,DOX,DOX,2S,2S,TP2,TP2,TP2,TP2,TP2,TP2,TP2,DOX,DOX,DOX,DOX,2S,2S,TP2,TP2,TP2,TP2,TP2,TP2,TP2,DOX
kiran,Cambodia,UB35zx,SW15xz,PR,TP2,TP2,TP2,TP2,TP2,TP2,TP2,TP2,TP2,TP2,TP2,TP2,TP2,TP2,TP2,TP2,TP2,TP2,TP2,TP2,TP2,TP2,TP2,TP2,TP2,TP2,TP2,TP2,TP2,TP2,TP2,TP2,TP2,TP2,TP2,TP2,TP2,TP2,TP2,TP2,TP2,TP2,TP2,TP2,TP2,TP2,TP2,TP2,TP2,TP2,TP2,TP2,TP2,TP2,TP2,TP2,TP2,TP2,TP2,TP2,TP2,TP2,TP2,TP2
kiran,Cameroon,SW15xz,SW15xz,PR,TP2,TP2,TP2,TP2,TP2,TP2,TP2,TP2,2S,2S,2S,2S,2S,2S,2S,2S,2S,2S,2S,2S,2S,2S,2S,2S,2S,2S,2S,2S,2S,2S,2S,2S,2S,2S,2S,2S,2S,2S,2S,2S,2S,2S,2S,2S,2S,2S,2S,2S,2S,2S,2S,2S,2S,2S,2S,2S,2S,2S,2S,2S,2S,2S,2S,2S
kiran,Canada,UB35zx,SW15xz,PR,TP2,TP2,TP2,TP2,TP2,TP2,TP2,TP2,TP2,TP2,TP2,TP2,TP2,TP2,DOX,DOX,DOX,DOX,DOX,DOX,DOX,DOX,DOX,DOX,DOX,DOX,,,2S,2S,2S,2S,2S,2S,2S,2S,2S,,,,,2S,2S,2S,2S,2S,2S,2S,2S,2S,,,,,2S,2S,2S,2S,2S,2S,2S,2S,2S,
kiran,Cape Verde,SW15xz,SW15xz,PR,TP2,TP2,TP2,TP2,TP2,TP2,TP2,TP2,TP2,TP2,TP2,TP2,TP2,TP2,TP2,TP2,TP2,TP2,TP2,TP2,TP2,TP2,TP2,TP2,TP2,DOX,DOX,DOX,2S,2S,TP2,TP2,TP2,TP2,TP2,TP2,TP2,DOX,DOX,DOX,DOX,2S,2S,TP2,TP2,TP2,TP2,TP2,TP2,TP2,DOX,DOX,DOX,DOX,2S,2S,TP2,TP2,TP2,TP2,TP2,TP2,TP2,DOX
kiran,Cayman Islands,UB35zx,SW15xz,PR,2S,2S,2S,2S,2S,2S,2S,2S,2S,2S,2S,2S,2S,2S,2S,2S,2S,2S,2S,2S,2S,TP2,TP2,TP2,TP2,DOX,TP2,TP2,TP2,TP2,TP2,TP2,TP2,TP2,TP2,TP2,TP2,TP2,TP2,TP2,TP2,TP2,TP2,TP2,TP2,TP2,TP2,TP2,TP2,TP2,TP2,TP2,TP2,TP2,TP2,TP2,TP2,TP2,TP2,TP2,TP2,TP2,TP2,TP2
kiran,Central African Republic,SW15xz,SW15xz,PR,TP2,TP2,TP2,TP2,TP2,TP2,TP2,TP2,2S,2S,2S,TP2,TP2,TP2,2S,2S,2S,2S,2S,2S,2S,2S,2S,2S,ECX,ECX,2S,2S,2S,2S,2S,2S,2S,2S,2S,2S,2S,2S,2S,2S,2S,2S,2S,2S,2S,2S,2S,2S,2S,2S,2S,2S,2S,2S,2S,2S,2S,2S,2S,2S,2S,2S,2S,2S
kiran,Chad,UB35zx,SW15xz,PR,TP2,TP2,TP2,3HS,TP2,3HS,TP2,TP2,3HS,3HS,TP2,TP2,TP2,TP2,3HS,DOX,DOX,DOX,DOX,DOX,DOX,DOX,DOX,DOX,DOX,DOX,DOX,DOX,DOX,DOX,DOX,DOX,DOX,DOX,DOX,DOX,DOX,DOX,DOX,DOX,DOX,DOX,DOX,DOX,DOX,DOX,DOX,DOX,DOX,DOX,DOX,DOX,DOX,DOX,DOX,DOX,DOX,DOX,DOX,DOX,DOX,DOX,DOX,DOX
kiran,Chile,SW15xz,SW15xz,PR,TP2S,TP2S,TP2S,TP2S,TP2S,2S,2S,2S,2S,2S,2S,2S,2S,2S,2S,2S,2S,2S,2S,2S,2S,2S,2S,2S,DOX,DOX,DOX,DOX,TP2,TP2,TP2,TP2,TP2,TP2,TP2,TP2,TP2,TP2,DOX,DOX,DOX,TP2,TP2,TP2,TP2,TP2,TP2,TP2,TP2,TP2,TP2,DOX,DOX,DOX,TP2,TP2,TP2,TP2,TP2,TP2,TP2,TP2,TP2,TP2
kiran,China,UB35zx,SW15xz,PR,TP2,TP2,TP2,TP2,TP2,TP2,TP2,TP2,TP2,TP2,TP2,TP2,TP2,TP2,TP2,TP2,TP2,TP2,TP2,TP2,TP2,TP2,TP2,TP2,ECX,ECX,DOX,DOX,2S,2S,2S,2S,2S,2S,TP2,TP2,TP2,TP2,DOX,DOX,DOX,2S,2S,2S,2S,2S,2S,TP2,TP2,TP2,TP2,DOX,DOX,DOX,2S,2S,2S,2S,2S,2S,TP2,TP2,TP2,TP2
kiran,Christmas Island,SW15xz,SW15xz,PR,TP2,TP2,TP2,TP2,TP2,TP2,TP2,TP2,TP2,TP2,TP2,TP2,TP2,TP2,TP2,TP2,TP2,TP2,TP2,TP2,TP2,TP2,TP2,TP2,DOX,DOX,ECX,ECX,2S,2S,2S,2S,2S,2S,2S,2S,2S,ECX,ECX,ECX,ECX,2S,2S,2S,2S,2S,2S,2S,2S,2S,ECX,ECX,ECX,ECX,2S,2S,2S,2S,2S,2S,2S,2S,2S,ECX
kiran,Cocos (Keeling) Islands,UB35zx,SW15xz,PR,2S,2S,2S,2S,2S,2S,2S,2S,2S,2S,DOX,DOX,DOX,DOX,DOX,DOX,DOX,DOX,DOX,DOX,DOX,DOX,DOX,DOX,DOX,DOX,DOX,DOX,DOX,DOX,DOX,DOX,DOX,DOX,DOX,DOX,DOX,DOX,DOX,DOX,DOX,DOX,DOX,DOX,DOX,DOX,DOX,DOX,DOX,DOX,DOX,DOX,DOX,DOX,DOX,DOX,DOX,DOX,DOX,DOX,DOX,DOX,DOX,DOX
kiran,Colombia,SW15xz,SW15xz,PR,3HS,3,9,,,,,,,,,,,,,,,,,,,,,,,,,,,,,,,,,,,,,,,,,,,,,,,,,,,,,,,,,,,,,
kiran,Comoros,UB35zx,SW15xz,PR,2S,2S,2S,2S,2S,2S,2S,2S,2S,2S,2S,2S,2S,2S,2S,2S,2S,2S,2S,2S,2S,2S,2S,2S,2S,2S,ECX,ECX,TP2,TP2,TP2,TP2,TP2,TP2,TP2,TP2,TP2,ECX,ECX,ECX,ECX,TP2,TP2,TP2,TP2,TP2,TP2,TP2,TP2,TP2,ECX,ECX,ECX,ECX,TP2,TP2,TP2,TP2,TP2,TP2,TP2,TP2,TP2,ECX
kiran,Congo,SW15xz,SW15xz,PR,2S,2S,2S,2S,2S,2S,2S,2S,2S,2S,2S,2S,2S,2S,2S,2S,2S,2S,2S,2S,2S,2S,2S,2S,,,DOX,DOX,TP2,TP2,TP2,TP2,TP2,TP2,TP2,TP2,TP2,DOX,DOX,DOX,DOX,TP2,TP2,TP2,TP2,TP2,TP2,TP2,TP2,TP2,DOX,DOX,DOX,DOX,TP2,TP2,TP2,TP2,TP2,TP2,TP2,TP2,TP2,DOX
kiran,Cook Islands,SW15xz,SW15xz,PR,TP2,TP2,TP2,TP2,TP2,TP2,TP2,TP2,TP2,TP2,TP2,TP2,TP2,TP2,TP2,TP2,TP2,TP2,TP2,TP2,TP2,TP2,TP2,TP2,TP2,TP2,DOX,DOX,3HS,3HS,3HS,3HS,3HS,3HS,TP2,TP2,TP2,DOX,DOX,DOX,DOX,3HS,3HS,3HS,3HS,3HS,3HS,TP2,TP2,TP2,DOX,DOX,DOX,DOX,3HS,3HS,3HS,3HS,3HS,3HS,TP2,TP2,TP2,DOX
kiran,Costa Rica,UB35zx,SW15xz,PR,TP2,TP2,TP2,TP2,TP2,TP2,TP2,TP2,2S,2S,2S,2S,2S,2S,2S,2S,2S,2S,2S,2S,2S,2S,2S,2S,2S,2S,2S,2S,2S,2S,2S,2S,2S,2S,2S,2S,2S,2S,2S,2S,2S,2S,2S,2S,2S,2S,2S,2S,2S,2S,2S,2S,2S,2S,2S,2S,2S,2S,2S,2S,2S,2S,2S,2S
kiran,Croatia,UB35zx,SW15xz,PR,TP2,TP2,TP2,TP2,TP2,TP2,TP2,TP2,TP2,TP2,TP2,TP2,TP2,TP2,TP2,TP2,TP2,TP2,TP2,TP2,TP2,TP2,TP2,TP2,TP2,DOX,DOX,DOX,2S,2S,TP2,TP2,TP2,TP2,TP2,TP2,TP2,DOX,DOX,DOX,DOX,2S,2S,TP2,TP2,TP2,TP2,TP2,TP2,TP2,DOX,DOX,DOX,DOX,2S,2S,TP2,TP2,TP2,TP2,TP2,TP2,TP2,DOX
kiran,Cuba,SW15xz,SW15xz,PR,2S,6,10,,,,,,,,,,,,,,,,,,,,,,,,,,,,,,,,,,,,,,,,,,,,,,,,,,,,,,,,,,,,,
kiran,Cyprus,UB35zx,SW15xz,PR,TP2,TP2,TP2,TP2,TP2,TP2,TP2,TP2,2S,2S,2S,TP2,TP2,TP2,2S,2S,2S,2S,2S,2S,2S,2S,2S,2S,ECX,ECX,2S,2S,2S,2S,2S,2S,2S,2S,2S,2S,2S,2S,2S,2S,2S,2S,2S,2S,2S,2S,2S,2S,2S,2S,2S,2S,2S,2S,2S,2S,2S,2S,2S,2S,2S,2S,2S,2S
kiran,Czech Republic,SW15xz,SW15xz,PR,TP2,TP2,TP2,3HS,TP2,3HS,TP2,TP2,3HS,3HS,TP2,TP2,TP2,TP2,3HS,DOX,DOX,DOX,DOX,DOX,DOX,DOX,DOX,DOX,DOX,DOX,DOX,DOX,DOX,DOX,DOX,DOX,DOX,DOX,DOX,DOX,DOX,DOX,DOX,DOX,DOX,DOX,DOX,DOX,DOX,DOX,DOX,DOX,DOX,DOX,DOX,DOX,DOX,DOX,DOX,DOX,DOX,DOX,DOX,DOX,DOX,DOX,DOX,DOX
kiran,Denmark,UB35zx,SW15xz,PR,TP2S,TP2S,TP2S,TP2S,TP2S,2S,2S,2S,2S,2S,2S,2S,2S,2S,2S,2S,2S,2S,2S,2S,2S,2S,2S,2S,DOX,DOX,DOX,DOX,TP2,TP2,TP2,TP2,TP2,TP2,TP2,TP2,TP2,TP2,DOX,DOX,DOX,TP2,TP2,TP2,TP2,TP2,TP2,TP2,TP2,TP2,TP2,DOX,DOX,DOX,TP2,TP2,TP2,TP2,TP2,TP2,TP2,TP2,TP2,TP2
kiran,Djibouti,SW15xz,SW15xz,PR,TP2,TP2,TP2,TP2,TP2,TP2,TP2,TP2,TP2,TP2,TP2,TP2,TP2,TP2,TP2,TP2,TP2,TP2,TP2,TP2,TP2,TP2,TP2,TP2,ECX,ECX,DOX,DOX,2S,2S,2S,2S,2S,2S,TP2,TP2,TP2,TP2,DOX,DOX,DOX,2S,2S,2S,2S,2S,2S,TP2,TP2,TP2,TP2,DOX,DOX,DOX,2S,2S,2S,2S,2S,2S,TP2,TP2,TP2,TP2
kiran,Dominica,UB35zx,SW15xz,PR,TP2,TP2,TP2,TP2,TP2,TP2,TP2,TP2,TP2,TP2,TP2,TP2,TP2,TP2,TP2,TP2,TP2,TP2,TP2,TP2,TP2,TP2,TP2,TP2,DOX,DOX,ECX,ECX,2S,2S,2S,2S,2S,2S,2S,2S,2S,ECX,ECX,ECX,ECX,2S,2S,2S,2S,2S,2S,2S,2S,2S,ECX,ECX,ECX,ECX,2S,2S,2S,2S,2S,2S,2S,2S,2S,ECX
kiran,Dominican Republic,SW15xz,SW15xz,PR,2S,2S,2S,2S,2S,2S,2S,2S,2S,2S,DOX,DOX,DOX,DOX,DOX,DOX,DOX,DOX,DOX,DOX,DOX,DOX,DOX,DOX,DOX,DOX,DOX,DOX,DOX,DOX,DOX,DOX,DOX,DOX,DOX,DOX,DOX,DOX,DOX,DOX,DOX,DOX,DOX,DOX,DOX,DOX,DOX,DOX,DOX,DOX,DOX,DOX,DOX,DOX,DOX,DOX,DOX,DOX,DOX,DOX,DOX,DOX,DOX,DOX
kiran,Ecuador,UB35zx,SW15xz,PR,3HS,3HS,3HS,3HS,3HS,3HS,3HS,3HS,3HS,3HS,3HS,3HS,3HS,3HS,3HS,3HS,3HS,3HS,3HS,3HS,3HS,TP2,TP2,TP2,DOX,DOX,DOX,DOX,2S,2S,2S,2S,2S,2S,2S,2S,2S,DOX,DOX,DOX,DOX,2S,2S,2S,2S,2S,2S,2S,2S,2S,DOX,DOX,DOX,DOX,2S,2S,2S,2S,2S,2S,2S,2S,2S,DOX
kiran,Egypt,SW15xz,SW15xz,PR,2S,2S,2S,2S,2S,2S,2S,2S,2S,2S,2S,2S,2S,2S,2S,2S,2S,2S,2S,2S,2S,2S,2S,2S,2S,2S,ECX,ECX,TP2,TP2,TP2,TP2,TP2,TP2,TP2,TP2,TP2,ECX,ECX,ECX,ECX,TP2,TP2,TP2,TP2,TP2,TP2,TP2,TP2,TP2,ECX,ECX,ECX,ECX,TP2,TP2,TP2,TP2,TP2,TP2,TP2,TP2,TP2,ECX
kiran,El Salvador,UB35zx,SW15xz,PR,2S,2S,2S,2S,2S,2S,2S,2S,2S,2S,2S,2S,2S,2S,2S,2S,2S,2S,2S,2S,2S,2S,2S,2S,,,DOX,DOX,TP2,TP2,TP2,TP2,TP2,TP2,TP2,TP2,TP2,DOX,DOX,DOX,DOX,TP2,TP2,TP2,TP2,TP2,TP2,TP2,TP2,TP2,DOX,DOX,DOX,DOX,TP2,TP2,TP2,TP2,TP2,TP2,TP2,TP2,TP2,DOX
kiran,Equatorial Guinea,SW15xz,SW15xz,PR,TP2,TP2,TP2,TP2,TP2,TP2,TP2,TP2,TP2,TP2,TP2,TP2,TP2,TP2,2S,2S,2S,TP2,TP2,TP2,TP2,TP2,TP2,TP2,DOX,DOX,DOX,DOX,DOX,DOX,DOX,DOX,DOX,DOX,DOX,DOX,DOX,DOX,DOX,DOX,DOX,DOX,DOX,DOX,DOX,DOX,DOX,DOX,DOX,DOX,DOX,DOX,DOX,DOX,DOX,DOX,DOX,DOX,DOX,DOX,DOX,DOX,DOX,DOX
kiran,Eritrea,UB35zx,SW15xz,PR,TP2,TP2,TP2,TP2,TP2,TP2,TP2,TP2,TP2,TP2,TP2,TP2,TP2,TP2,TP2,TP2,TP2,TP2,TP2,TP2,TP2,TP2,TP2,TP2,TP2,TP2,DOX,DOX,3HS,3HS,3HS,3HS,3HS,3HS,TP2,TP2,TP2,DOX,DOX,DOX,DOX,3HS,3HS,3HS,3HS,3HS,3HS,TP2,TP2,TP2,DOX,DOX,DOX,DOX,3HS,3HS,3HS,3HS,3HS,3HS,TP2,TP2,TP2,DOX
kiran,Estonia,SW15xz,SW15xz,PR,TP2,TP2,TP2,TP2,TP2,TP2,TP2,TP2,2S,2S,2S,2S,2S,2S,2S,2S,2S,2S,2S,2S,2S,2S,2S,2S,2S,2S,2S,2S,2S,2S,2S,2S,2S,2S,2S,2S,2S,2S,2S,2S,2S,2S,2S,2S,2S,2S,2S,2S,2S,2S,2S,2S,2S,2S,2S,2S,2S,2S,2S,2S,2S,2S,2S,2S
kiran,Ethiopia,UB35zx,SW15xz,PR,TP2,TP2,TP2,TP2,TP2,TP2,TP2,TP2,TP2,TP2,TP2,TP2,TP2,TP2,DOX,DOX,DOX,DOX,DOX,DOX,DOX,DOX,DOX,DOX,DOX,DOX,,,2S,2S,2S,2S,2S,2S,2S,2S,2S,,,,,2S,2S,2S,2S,2S,2S,2S,2S,2S,49,53,1H,53,2S,2S,2S,2S,2S,2S,2S,2S,2S,53
kiran,Falkland Islands (Malvinas),SW15xz,SW15xz,PR,TP2,TP2,TP2,TP2,TP2,TP2,TP2,TP2,TP2,TP2,TP2,TP2,TP2,TP2,TP2,TP2,TP2,TP2,TP2,TP2,TP2,TP2,TP2,TP2,TP2,DOX,DOX,DOX,2S,2S,TP2,TP2,TP2,TP2,TP2,TP2,TP2,DOX,DOX,DOX,DOX,2S,2S,TP2,TP2,TP2,TP2,TP2,TP2,TP2,DOX,DOX,DOX,DOX,2S,2S,TP2,TP2,TP2,TP2,TP2,TP2,TP2,DOX
kiran,Faroe Islands,UB35zx,SW15xz,PR,2S,2S,2S,2S,2S,2S,2S,2S,2S,2S,2S,2S,2S,2S,2S,2S,2S,2S,2S,2S,2S,TP2,TP2,TP2,TP2,DOX,TP2,TP2,TP2,TP2,TP2,TP2,TP2,TP2,TP2,TP2,TP2,TP2,TP2,TP2,TP2,TP2,TP2,TP2,TP2,TP2,TP2,TP2,TP2,TP2,TP2,TP2,TP2,TP2,TP2,TP2,TP2,TP2,TP2,TP2,TP2,TP2,TP2,TP2
kiran,Fiji,SW15xz,SW15xz,PR,TP2,TP2,TP2,TP2,TP2,TP2,TP2,TP2,2S,2S,2S,TP2,TP2,TP2,2S,2S,2S,2S,2S,2S,2S,2S,2S,2S,ECX,ECX,2S,2S,2S,2S,2S,2S,2S,2S,2S,2S,2S,2S,2S,2S,2S,2S,2S,2S,2S,2S,2S,2S,2S,2S,2S,2S,2S,2S,2S,2S,2S,2S,2S,2S,2S,2S,2S,2S
kiran,Finland,UB35zx,SW15xz,PR,TP2,TP2,TP2,3HS,TP2,3HS,TP2,TP2,3HS,3HS,TP2,TP2,TP2,TP2,3HS,DOX,DOX,DOX,DOX,DOX,DOX,DOX,DOX,DOX,DOX,DOX,,,2S,2S,2S,2S,2S,2S,2S,2S,2S,,,,,2S,2S,2S,2S,2S,2S,2S,2S,2S,49,53,1H,53,2S,2S,2S,2S,2S,2S,2S,2S,2S,
kiran,France,SW15xz,SW15xz,PR,TP2S,2,10,,,,,,,,,,,,,,,,,,,,,,,,,,,,,,,,,,,,,,,,,,,,,,,,,,,,,,,,,,,,,
kiran,French Guiana,UB35zx,SW15xz,PR,TP2,TP2,TP2,TP2,TP2,TP2,TP2,TP2,TP2,TP2,TP2,TP2,TP2,TP2,TP2,TP2,TP2,TP2,TP2,TP2,TP2,TP2,TP2,TP2,ECX,ECX,TP2,TP2,TP2,TP2,TP2,TP2,TP2,TP2,TP2,TP2,TP2,TP2,TP2,TP2,TP2,TP2,TP2,TP2,TP2,TP2,TP2,TP2,TP2,TP2,TP2,TP2,TP2,TP2,TP2,TP2,TP2,TP2,TP2,TP2,TP2,TP2,TP2,TP2
kiran,French Polynesia,SW15xz,SW15xz,PR,TP2,TP2,TP2,TP2,TP2,TP2,TP2,TP2,TP2,TP2,TP2,TP2,TP2,TP2,TP2,TP2,TP2,TP2,TP2,TP2,TP2,TP2,TP2,TP2,DOX,DOX,2S,2S,2S,2S,2S,2S,2S,2S,2S,2S,2S,2S,2S,2S,2S,2S,2S,2S,2S,2S,2S,2S,2S,2S,2S,2S,2S,2S,2S,2S,2S,2S,2S,2S,2S,2S,2S,2S
kiran,French Southern Territories,UB35zx,SW15xz,PR,2S,2S,2S,2S,2S,2S,2S,2S,2S,2S,DOX,DOX,DOX,DOX,DOX,DOX,DOX,DOX,DOX,DOX,DOX,DOX,DOX,DOX,DOX,DOX,DOX,DOX,DOX,DOX,DOX,DOX,DOX,DOX,DOX,DOX,DOX,DOX,DOX,DOX,DOX,DOX,DOX,DOX,DOX,DOX,DOX,DOX,DOX,DOX,DOX,DOX,DOX,DOX,DOX,DOX,DOX,DOX,DOX,DOX,DOX,DOX,DOX,DOX
kiran,Gabon,SW15xz,SW15xz,PR,3HS,3HS,3HS,3HS,3HS,3HS,3HS,3HS,3HS,3HS,3HS,3HS,3HS,3HS,3HS,3HS,3HS,3HS,3HS,3HS,3HS,TP2,TP2,TP2,DOX,DOX,DOX,DOX,TP2,TP2,TP2,TP2,TP2,TP2,TP2,TP2,TP2,TP2,DOX,DOX,DOX,TP2,TP2,TP2,TP2,TP2,TP2,TP2,TP2,TP2,TP2,DOX,DOX,DOX,TP2,TP2,TP2,TP2,TP2,TP2,TP2,TP2,TP2,TP2
kiran,Gambia,UB35zx,SW15xz,PR,2S,2S,2S,2S,2S,2S,2S,2S,2S,2S,2S,2S,2S,2S,2S,2S,2S,2S,2S,2S,2S,2S,2S,2S,2S,2S,DOX,DOX,2S,2S,2S,2S,2S,2S,TP2,TP2,TP2,TP2,DOX,DOX,DOX,2S,2S,2S,2S,2S,2S,TP2,TP2,TP2,TP2,DOX,DOX,DOX,2S,2S,2S,2S,2S,2S,TP2,TP2,TP2,TP2
kiran,Georgia,SW15xz,SW15xz,PR,2S,2S,2S,2S,2S,2S,2S,2S,2S,2S,2S,2S,2S,2S,2S,2S,2S,2S,2S,2S,2S,2S,2S,2S,,,ECX,ECX,2S,2S,2S,2S,2S,2S,2S,2S,2S,ECX,ECX,ECX,ECX,2S,2S,2S,2S,2S,2S,2S,2S,2S,ECX,ECX,ECX,ECX,2S,2S,2S,2S,2S,2S,2S,2S,2S,ECX
kiran,Germany,UB35zx,SW15xz,PR,TP2,TP2,TP2,TP2,TP2,TP2,TP2,TP2,TP2,TP2,TP2,TP2,TP2,TP2,2S,2S,2S,TP2,TP2,TP2,TP2,TP2,TP2,TP2,DOX,DOX,DOX,DOX,DOX,DOX,DOX,DOX,DOX,DOX,DOX,DOX,DOX,DOX,DOX,DOX,DOX,DOX,DOX,DOX,DOX,DOX,DOX,DOX,DOX,DOX,DOX,DOX,DOX,DOX,DOX,DOX,DOX,DOX,DOX,DOX,DOX,DOX,DOX,DOX
kiran,Ghana,SW15xz,SW15xz,PR,TP2,TP2,TP2,TP2,TP2,TP2,TP2,TP2,TP2,TP2,TP2,TP2,TP2,TP2,TP2,TP2,TP2,TP2,TP2,TP2,TP2,TP2,TP2,TP2,TP2,TP2,DOX,DOX,2S,2S,2S,2S,2S,2S,2S,2S,2S,DOX,DOX,DOX,DOX,2S,2S,2S,2S,2S,2S,2S,2S,2S,DOX,DOX,DOX,DOX,2S,2S,2S,2S,2S,2S,2S,2S,2S,DOX
kiran,Gibraltar,UB35zx,SW15xz,PR,TP2,TP2,TP2,TP2,TP2,TP2,TP2,TP2,2S,2S,2S,2S,2S,2S,2S,2S,2S,2S,2S,2S,2S,2S,2S,2S,2S,2S,ECX,ECX,TP2,TP2,TP2,TP2,TP2,TP2,TP2,TP2,TP2,ECX,ECX,ECX,ECX,TP2,TP2,TP2,TP2,TP2,TP2,TP2,TP2,TP2,ECX,ECX,ECX,ECX,TP2,TP2,TP2,TP2,TP2,TP2,TP2,TP2,TP2,ECX
kiran,Greece,SW15xz,SW15xz,PR,TP2,TP2,TP2,TP2,TP2,TP2,TP2,TP2,TP2,TP2,TP2,TP2,TP2,TP2,DOX,DOX,DOX,DOX,DOX,DOX,DOX,DOX,DOX,DOX,DOX,DOX,DOX,DOX,TP2,TP2,TP2,TP2,TP2,TP2,TP2,TP2,TP2,DOX,DOX,DOX,DOX,TP2,TP2,TP2,TP2,TP2,TP2,TP2,TP2,TP2,DOX,DOX,DOX,DOX,TP2,TP2,TP2,TP2,TP2,TP2,TP2,TP2,TP2,DOX
kiran,Greenland,UB35zx,SW15xz,PR,TP2,TP2,TP2,TP2,TP2,TP2,TP2,TP2,TP2,TP2,TP2,TP2,TP2,TP2,TP2,TP2,TP2,TP2,TP2,TP2,TP2,TP2,TP2,TP2,TP2,DOX,DOX,DOX,DOX,DOX,DOX,DOX,DOX,DOX,DOX,DOX,DOX,DOX,DOX,DOX,DOX,DOX,DOX,DOX,DOX,DOX,DOX,DOX,DOX,DOX,DOX,DOX,DOX,DOX,DOX,DOX,DOX,DOX,DOX,DOX,DOX,DOX,DOX,DOX
kiran,Grenada,SW15xz,SW15xz,PR,2S,2S,2S,2S,2S,2S,2S,2S,2S,2S,2S,2S,2S,2S,2S,2S,2S,2S,2S,2S,2S,TP2,TP2,TP2,TP2,DOX,DOX,DOX,3HS,3HS,3HS,3HS,3HS,3HS,TP2,TP2,TP2,DOX,DOX,DOX,DOX,3HS,3HS,3HS,3HS,3HS,3HS,TP2,TP2,TP2,DOX,DOX,DOX,DOX,3HS,3HS,3HS,3HS,3HS,3HS,TP2,TP2,TP2,DOX
kiran,Guadeloupe,UB35zx,SW15xz,PR,TP2,TP2,TP2,TP2,TP2,TP2,TP2,TP2,2S,2S,2S,TP2,TP2,TP2,2S,2S,2S,2S,2S,2S,2S,2S,2S,2S,ECX,ECX,2S,2S,2S,2S,2S,2S,2S,2S,2S,2S,2S,2S,2S,2S,2S,2S,2S,2S,2S,2S,2S,2S,2S,2S,2S,2S,2S,2S,2S,2S,2S,2S,2S,2S,2S,2S,2S,2S
kiran,Guam,SW15xz,SW15xz,PR,TP2,TP2,TP2,3HS,TP2,3HS,TP2,TP2,3HS,3HS,TP2,TP2,TP2,TP2,3HS,DOX,DOX,DOX,DOX,DOX,DOX,DOX,DOX,DOX,DOX,DOX,,,2S,2S,2S,2S,2S,2S,2S,2S,2S,,,,,2S,2S,2S,2S,2S,2S,2S,2S,2S,49,53,1H,53,2S,2S,2S,2S,2S,2S,2S,2S,2S,
kiran,Guatemala,UB35zx,SW15xz,PR,53,15,20,,,,,,,,,,,,,,,,,,,,,,,,,,,,,,,,,,,,,,,,,,,,,,,,,,,,,,,,,,,,,
kiran,Guinea,SW15xz,SW15xz,PR,TP2,TP2,TP2,TP2,TP2,TP2,TP2,TP2,TP2,TP2,TP2,TP2,TP2,TP2,TP2,TP2,TP2,TP2,TP2,TP2,TP2,TP2,TP2,TP2,ECX,ECX,TP2,TP2,TP2,TP2,TP2,TP2,TP2,TP2,TP2,TP2,TP2,TP2,TP2,TP2,TP2,TP2,TP2,TP2,TP2,TP2,TP2,TP2,TP2,TP2,TP2,TP2,TP2,TP2,TP2,TP2,TP2,TP2,TP2,TP2,TP2,TP2,TP2,TP2
kiran,Guinea Bissau,UB35zx,SW15xz,PR,TP2,TP2,TP2,TP2,TP2,TP2,TP2,TP2,TP2,TP2,TP2,TP2,TP2,TP2,TP2,TP2,TP2,TP2,TP2,TP2,TP2,TP2,TP2,TP2,DOX,DOX,2S,2S,2S,2S,2S,2S,2S,2S,2S,2S,2S,2S,2S,2S,2S,2S,2S,2S,2S,2S,2S,2S,2S,2S,2S,2S,2S,2S,2S,2S,2S,2S,2S,2S,2S,2S,2S,2S
kiran,Guyana,SW15xz,SW15xz,PR,2S,2S,2S,2S,2S,2S,2S,2S,2S,2S,DOX,DOX,DOX,DOX,DOX,DOX,DOX,DOX,DOX,DOX,DOX,DOX,DOX,DOX,DOX,DOX,DOX,DOX,DOX,DOX,DOX,DOX,DOX,DOX,DOX,DOX,DOX,DOX,DOX,DOX,DOX,DOX,DOX,DOX,DOX,DOX,DOX,DOX,DOX,DOX,DOX,DOX,DOX,DOX,DOX,DOX,DOX,DOX,DOX,DOX,DOX,DOX,DOX,DOX
kiran,Haiti,UB35zx,SW15xz,PR,3HS,3HS,3HS,3HS,3HS,3HS,3HS,3HS,3HS,3HS,3HS,3HS,3HS,3HS,3HS,3HS,3HS,3HS,3HS,3HS,3HS,TP2,TP2,TP2,DOX,DOX,DOX,DOX,TP2,TP2,TP2,TP2,TP2,TP2,TP2,TP2,TP2,TP2,DOX,DOX,DOX,TP2,TP2,TP2,TP2,TP2,TP2,TP2,TP2,TP2,TP2,DOX,DOX,DOX,TP2,TP2,TP2,TP2,TP2,TP2,TP2,TP2,TP2,TP2
kiran,Holy See Vatican City State,UB35zx,SW15xz,PR,2S,2S,2S,2S,2S,2S,2S,2S,2S,2S,2S,2S,2S,2S,2S,2S,2S,2S,2S,2S,2S,2S,2S,2S,,,ECX,ECX,2S,2S,2S,2S,2S,2S,2S,2S,2S,ECX,ECX,ECX,ECX,2S,2S,2S,2S,2S,2S,2S,2S,2S,ECX,ECX,ECX,ECX,2S,2S,2S,2S,2S,2S,2S,2S,2S,ECX
kiran,Honduras,SW15xz,SW15xz,PR,49,12,15,,,,,,,,,,,,,,,,,,,,,,,,,,,,,,,,,,,,,,,,,,,,,,,,,,,,,,,,,,,,,
kiran,Hong Kong,UB35zx,SW15xz,PR,TP2,TP2,TP2,TP2,TP2,TP2,TP2,TP2,TP2,TP2,TP2,TP2,TP2,TP2,TP2,TP2,TP2,TP2,TP2,TP2,TP2,TP2,TP2,TP2,TP2,TP2,DOX,DOX,2S,2S,2S,2S,2S,2S,2S,2S,2S,DOX,DOX,DOX,DOX,2S,2S,2S,2S,2S,2S,2S,2S,2S,DOX,DOX,DOX,DOX,2S,2S,2S,2S,2S,2S,2S,2S,2S,DOX
kiran,Hungary,SW15xz,SW15xz,PR,TP2,TP2,TP2,TP2,TP2,TP2,TP2,TP2,2S,2S,2S,2S,2S,2S,2S,2S,2S,2S,2S,2S,2S,2S,2S,2S,2S,2S,ECX,ECX,TP2,TP2,TP2,TP2,TP2,TP2,TP2,TP2,TP2,ECX,ECX,ECX,ECX,TP2,TP2,TP2,TP2,TP2,TP2,TP2,TP2,TP2,ECX,ECX,ECX,ECX,TP2,TP2,TP2,TP2,TP2,TP2,TP2,TP2,TP2,ECX
kiran,Iceland,UB35zx,SW15xz,PR,TP2,TP2,TP2,TP2,TP2,TP2,TP2,TP2,TP2,TP2,TP2,TP2,TP2,TP2,DOX,DOX,DOX,DOX,DOX,DOX,DOX,DOX,DOX,DOX,DOX,DOX,DOX,DOX,TP2,TP2,TP2,TP2,TP2,TP2,TP2,TP2,TP2,DOX,DOX,DOX,DOX,TP2,TP2,TP2,TP2,TP2,TP2,TP2,TP2,TP2,DOX,DOX,DOX,DOX,TP2,TP2,TP2,TP2,TP2,TP2,TP2,TP2,TP2,DOX
kiran,India,SW15xz,SW15xz,PR,TP2,TP2,TP2,TP2,TP2,TP2,TP2,TP2,TP2,TP2,TP2,TP2,TP2,TP2,TP2,TP2,TP2,TP2,TP2,TP2,TP2,TP2,TP2,TP2,TP2,DOX,DOX,DOX,DOX,DOX,DOX,DOX,DOX,DOX,DOX,DOX,DOX,DOX,DOX,DOX,DOX,DOX,DOX,DOX,DOX,DOX,DOX,DOX,DOX,DOX,DOX,DOX,DOX,DOX,DOX,DOX,DOX,DOX,DOX,DOX,DOX,DOX,DOX,DOX
kiran,Indonesia,UB35zx,SW15xz,PR,2S,2S,2S,2S,2S,2S,2S,2S,2S,2S,2S,2S,2S,2S,2S,2S,2S,2S,2S,2S,2S,TP2,TP2,TP2,TP2,DOX,DOX,DOX,3HS,3HS,3HS,3HS,3HS,3HS,TP2,TP2,TP2,DOX,DOX,DOX,DOX,3HS,3HS,3HS,3HS,3HS,3HS,TP2,TP2,TP2,DOX,DOX,DOX,DOX,3HS,3HS,3HS,3HS,3HS,3HS,TP2,TP2,TP2,DOX
kiran,Iran Islamic Republic of,SW15xz,SW15xz,PR,TP2,TP2,TP2,TP2,TP2,TP2,TP2,TP2,2S,2S,2S,TP2,TP2,TP2,2S,2S,2S,2S,2S,2S,2S,2S,2S,2S,ECX,ECX,2S,2S,2S,2S,2S,2S,2S,2S,2S,2S,2S,2S,2S,2S,2S,2S,2S,2S,2S,2S,2S,2S,2S,2S,2S,2S,2S,2S,2S,2S,2S,2S,2S,2S,2S,2S,2S,2S
kiran,Iraq,UB35zx,SW15xz,PR,TP2,TP2,TP2,3HS,TP2,3HS,TP2,TP2,3HS,3HS,TP2,TP2,TP2,TP2,3HS,DOX,DOX,DOX,DOX,DOX,DOX,DOX,DOX,DOX,DOX,DOX,,,2S,2S,2S,2S,2S,2S,2S,2S,2S,,,,,2S,2S,2S,2S,2S,2S,2S,2S,2S,49,53,1H,53,2S,2S,2S,2S,2S,2S,2S,2S,2S,
kiran,Ireland,SW15xz,SW15xz,PR,TP2S,TP2S,TP2S,TP2S,TP2S,2S,2S,2S,2S,2S,2S,2S,2S,2S,2S,2S,2S,2S,2S,2S,2S,2S,2S,2S,DOX,DOX,DOX,DOX,2S,2S,TP2,TP2,TP2,TP2,TP2,TP2,TP2,DOX,DOX,DOX,DOX,2S,2S,TP2,TP2,TP2,TP2,TP2,TP2,TP2,DOX,DOX,DOX,DOX,2S,2S,TP2,TP2,TP2,TP2,TP2,TP2,TP2,DOX
kiran,ISael,UB35zx,SW15xz,PR,TP2,TP2,TP2,TP2,TP2,TP2,TP2,TP2,TP2,TP2,TP2,TP2,TP2,TP2,TP2,TP2,TP2,TP2,TP2,TP2,TP2,TP2,TP2,TP2,ECX,ECX,TP2,TP2,TP2,TP2,TP2,TP2,TP2,TP2,TP2,TP2,TP2,TP2,TP2,TP2,TP2,TP2,TP2,TP2,TP2,TP2,TP2,TP2,TP2,TP2,TP2,TP2,TP2,TP2,TP2,TP2,TP2,TP2,TP2,TP2,TP2,TP2,TP2,TP2
kiran,Italy,SW15xz,SW15xz,PR,TP2,TP2,TP2,TP2,TP2,TP2,TP2,TP2,TP2,TP2,TP2,TP2,TP2,TP2,TP2,TP2,TP2,TP2,TP2,TP2,TP2,TP2,TP2,TP2,DOX,DOX,2S,2S,2S,2S,2S,2S,2S,2S,2S,2S,2S,2S,2S,2S,2S,2S,2S,2S,2S,2S,2S,2S,2S,2S,2S,2S,2S,2S,2S,2S,2S,2S,2S,2S,2S,2S,2S,2S
kiran,Jamaica,UB35zx,SW15xz,PR,2S,2S,2S,2S,2S,2S,2S,2S,2S,2S,DOX,DOX,DOX,DOX,DOX,DOX,DOX,DOX,DOX,DOX,DOX,DOX,DOX,DOX,DOX,DOX,,,2S,2S,2S,2S,2S,2S,2S,2S,2S,,,,,2S,2S,2S,2S,2S,2S,2S,2S,2S,49,53,1H,53,2S,2S,2S,2S,2S,2S,2S,2S,2S,
kiran,Japan,SW15xz,SW15xz,PR,3HS,3HS,3HS,3HS,3HS,3HS,3HS,3HS,3HS,3HS,3HS,3HS,3HS,3HS,3HS,3HS,3HS,3HS,3HS,3HS,3HS,TP2,TP2,TP2,DOX,DOX,DOX,DOX,2S,2S,TP2,TP2,TP2,TP2,TP2,TP2,TP2,DOX,DOX,DOX,DOX,2S,2S,TP2,TP2,TP2,TP2,TP2,TP2,TP2,DOX,DOX,DOX,DOX,2S,2S,TP2,TP2,TP2,TP2,TP2,TP2,TP2,DOX
kiran,Jordan,UB35zx,SW15xz,PR,2S,2S,2S,2S,2S,2S,2S,2S,2S,2S,2S,2S,2S,2S,2S,2S,2S,2S,2S,2S,2S,2S,2S,2S,2S,2S,TP2,TP2,TP2,TP2,TP2,TP2,TP2,TP2,TP2,TP2,TP2,TP2,TP2,TP2,TP2,TP2,TP2,TP2,TP2,TP2,TP2,TP2,TP2,TP2,TP2,TP2,TP2,TP2,TP2,TP2,TP2,TP2,TP2,TP2,TP2,TP2,TP2,TP2
kiran,Kazakhstan,SW15xz,SW15xz,PR,2S,2S,2S,2S,2S,2S,2S,2S,2S,2S,2S,2S,2S,2S,2S,2S,2S,2S,2S,2S,2S,2S,2S,2S,,,2S,2S,2S,2S,2S,2S,2S,2S,2S,2S,2S,2S,2S,2S,2S,2S,2S,2S,2S,2S,2S,2S,2S,2S,2S,2S,2S,2S,2S,2S,2S,2S,2S,2S,2S,2S,2S,2S
kiran,Kenya,UB35zx,SW15xz,PR,TP2,TP2,TP2,TP2,TP2,TP2,TP2,TP2,TP2,TP2,TP2,TP2,TP2,TP2,2S,2S,2S,TP2,TP2,TP2,TP2,TP2,TP2,TP2,DOX,DOX,DOX,DOX,DOX,DOX,DOX,DOX,DOX,DOX,DOX,DOX,DOX,DOX,DOX,DOX,DOX,DOX,DOX,DOX,DOX,DOX,DOX,DOX,DOX,DOX,DOX,DOX,DOX,DOX,DOX,DOX,DOX,DOX,DOX,DOX,DOX,DOX,DOX,DOX
kiran,Kiribati,SW15xz,SW15xz,PR,TP2,TP2,TP2,TP2,TP2,TP2,TP2,TP2,TP2,TP2,TP2,TP2,TP2,TP2,TP2,TP2,TP2,TP2,TP2,TP2,TP2,TP2,TP2,TP2,TP2,TP2,DOX,DOX,TP2,TP2,TP2,TP2,TP2,TP2,TP2,TP2,TP2,TP2,DOX,DOX,DOX,TP2,TP2,TP2,TP2,TP2,TP2,TP2,TP2,TP2,TP2,DOX,DOX,DOX,TP2,TP2,TP2,TP2,TP2,TP2,TP2,TP2,TP2,TP2
kiran,Korea Republic of,SW15xz,SW15xz,PR,TP2,TP2,TP2,TP2,TP2,TP2,TP2,TP2,TP2,TP2,TP2,TP2,TP2,TP2,DOX,DOX,DOX,DOX,DOX,DOX,DOX,DOX,DOX,DOX,DOX,DOX,ECX,ECX,2S,2S,2S,2S,2S,2S,2S,2S,2S,ECX,ECX,ECX,ECX,2S,2S,2S,2S,2S,2S,2S,2S,2S,ECX,ECX,ECX,ECX,2S,2S,2S,2S,2S,2S,2S,2S,2S,ECX
kiran,Kuwait,UB35zx,SW15xz,PR,TP2,TP2,TP2,TP2,TP2,TP2,TP2,TP2,TP2,TP2,TP2,TP2,TP2,TP2,TP2,TP2,TP2,TP2,TP2,TP2,TP2,TP2,TP2,TP2,TP2,DOX,DOX,DOX,DOX,DOX,DOX,DOX,DOX,DOX,DOX,DOX,DOX,DOX,DOX,DOX,DOX,DOX,DOX,DOX,DOX,DOX,DOX,DOX,DOX,DOX,DOX,DOX,DOX,DOX,DOX,DOX,DOX,DOX,DOX,DOX,DOX,DOX,DOX,DOX
kiran,Kyrgyzstan,SW15xz,SW15xz,PR,2S,2S,2S,2S,2S,2S,2S,2S,2S,2S,2S,2S,2S,2S,2S,2S,2S,2S,2S,2S,2S,TP2,TP2,TP2,TP2,DOX,DOX,DOX,2S,2S,2S,2S,2S,2S,2S,2S,2S,DOX,DOX,DOX,DOX,2S,2S,2S,2S,2S,2S,2S,2S,2S,DOX,DOX,DOX,DOX,2S,2S,2S,2S,2S,2S,2S,2S,2S,DOX
kiran,Lao People Democratic Republic,UB35zx,SW15xz,PR,TP2,TP2,TP2,TP2,TP2,TP2,TP2,TP2,2S,2S,2S,TP2,TP2,TP2,2S,2S,2S,2S,2S,2S,2S,2S,2S,2S,ECX,ECX,ECX,ECX,TP2,TP2,TP2,TP2,TP2,TP2,TP2,TP2,TP2,ECX,ECX,ECX,ECX,TP2,TP2,TP2,TP2,TP2,TP2,TP2,TP2,TP2,ECX,ECX,ECX,ECX,TP2,TP2,TP2,TP2,TP2,TP2,TP2,TP2,TP2,ECX
kiran,Latvia,SW15xz,SW15xz,PR,TP2,TP2,TP2,3HS,TP2,3HS,TP2,TP2,3HS,3HS,TP2,TP2,TP2,TP2,3HS,DOX,DOX,DOX,DOX,DOX,DOX,DOX,DOX,DOX,DOX,DOX,DOX,DOX,TP2,TP2,TP2,TP2,TP2,TP2,TP2,TP2,TP2,DOX,DOX,DOX,DOX,TP2,TP2,TP2,TP2,TP2,TP2,TP2,TP2,TP2,DOX,DOX,DOX,DOX,TP2,TP2,TP2,TP2,TP2,TP2,TP2,TP2,TP2,DOX
kiran,Lebanon,UB35zx,SW15xz,PR,TP2S,TP2S,TP2S,TP2S,TP2S,2S,2S,2S,2S,2S,2S,2S,2S,2S,2S,2S,2S,2S,2S,2S,2S,2S,2S,2S,DOX,DOX,DOX,DOX,DOX,DOX,DOX,DOX,DOX,DOX,DOX,DOX,DOX,DOX,DOX,DOX,DOX,DOX,DOX,DOX,DOX,DOX,DOX,DOX,DOX,DOX,DOX,DOX,DOX,DOX,DOX,DOX,DOX,DOX,DOX,DOX,DOX,DOX,DOX,DOX
kiran,Lesotho,SW15xz,SW15xz,PR,TP2,TP2,TP2,TP2,TP2,TP2,TP2,TP2,TP2,TP2,TP2,TP2,TP2,TP2,TP2,TP2,TP2,TP2,TP2,TP2,TP2,TP2,TP2,TP2,ECX,ECX,DOX,DOX,3HS,3HS,3HS,3HS,3HS,3HS,TP2,TP2,TP2,DOX,DOX,DOX,DOX,3HS,3HS,3HS,3HS,3HS,3HS,TP2,TP2,TP2,DOX,DOX,DOX,DOX,3HS,3HS,3HS,3HS,3HS,3HS,TP2,TP2,TP2,DOX
kiran,Liberia,UB35zx,SW15xz,PR,TP2,TP2,TP2,TP2,TP2,TP2,TP2,TP2,TP2,TP2,TP2,TP2,TP2,TP2,TP2,TP2,TP2,TP2,TP2,TP2,TP2,TP2,TP2,TP2,DOX,DOX,2S,2S,2S,2S,2S,2S,2S,2S,2S,2S,2S,2S,2S,2S,2S,2S,2S,2S,2S,2S,2S,2S,2S,2S,2S,2S,2S,2S,2S,2S,2S,2S,2S,2S,2S,2S,2S,2S
kiran,Libyan Arab Jamahiriya,SW15xz,SW15xz,PR,2S,2S,2S,2S,2S,2S,2S,2S,2S,2S,DOX,DOX,DOX,DOX,DOX,DOX,DOX,DOX,DOX,DOX,DOX,DOX,DOX,DOX,DOX,DOX,,,2S,2S,2S,2S,2S,2S,2S,2S,2S,,,,,2S,2S,2S,2S,2S,2S,2S,2S,2S,49,53,1H,53,2S,2S,2S,2S,2S,2S,2S,2S,2S,
kiran,Liechtenstein,UB35zx,SW15xz,PR,3HS,3HS,3HS,3HS,3HS,3HS,3HS,3HS,3HS,3HS,3HS,3HS,3HS,3HS,3HS,3HS,3HS,3HS,3HS,3HS,3HS,TP2,TP2,TP2,DOX,DOX,DOX,DOX,2S,2S,TP2,TP2,TP2,TP2,TP2,TP2,TP2,DOX,DOX,DOX,DOX,2S,2S,TP2,TP2,TP2,TP2,TP2,TP2,TP2,DOX,DOX,DOX,DOX,2S,2S,TP2,TP2,TP2,TP2,TP2,TP2,TP2,DOX
kiran,Lithuania,SW15xz,SW15xz,PR,2S,1,5,,,,,,,,,,,,,,,,,,,,,,,,,,,,,,,,,,,,,,,,,,,,,,,,,,,,,,,,,,,,,
kiran,Luxembourg,UB35zx,SW15xz,PR,2S,2S,2S,2S,2S,2S,2S,2S,2S,2S,2S,2S,2S,2S,2S,2S,2S,2S,2S,2S,2S,2S,2S,2S,,,2S,2S,2S,2S,2S,2S,2S,2S,2S,2S,2S,2S,2S,2S,2S,2S,2S,2S,2S,2S,2S,2S,2S,2S,2S,2S,2S,2S,2S,2S,2S,2S,2S,2S,2S,2S,2S,2S
kiran,Macao,SW15xz,SW15xz,PR,TP2,TP2,TP2,TP2,TP2,TP2,TP2,TP2,TP2,TP2,TP2,TP2,TP2,TP2,2S,2S,2S,TP2,TP2,TP2,TP2,TP2,TP2,TP2,DOX,DOX,DOX,DOX,DOX,DOX,DOX,DOX,DOX,DOX,DOX,DOX,DOX,DOX,DOX,DOX,DOX,DOX,DOX,DOX,DOX,DOX,DOX,DOX,DOX,DOX,DOX,DOX,DOX,DOX,DOX,DOX,DOX,DOX,DOX,DOX,DOX,DOX,DOX,DOX
kiran,Madagascar,SW15xz,SW15xz,PR,TP2,TP2,TP2,TP2,TP2,TP2,TP2,TP2,2S,2S,2S,2S,2S,2S,2S,2S,2S,2S,2S,2S,2S,2S,2S,2S,2S,2S,DOX,DOX,2S,2S,2S,2S,2S,2S,TP2,TP2,TP2,TP2,DOX,DOX,DOX,2S,2S,2S,2S,2S,2S,TP2,TP2,TP2,TP2,DOX,DOX,DOX,2S,2S,2S,2S,2S,2S,TP2,TP2,TP2,TP2
kiran,Malawi,UB35zx,SW15xz,PR,TP2,TP2,TP2,TP2,TP2,TP2,TP2,TP2,TP2,TP2,TP2,TP2,TP2,TP2,DOX,DOX,DOX,DOX,DOX,DOX,DOX,DOX,DOX,DOX,DOX,DOX,ECX,ECX,2S,2S,2S,2S,2S,2S,2S,2S,2S,ECX,ECX,ECX,ECX,2S,2S,2S,2S,2S,2S,2S,2S,2S,ECX,ECX,ECX,ECX,2S,2S,2S,2S,2S,2S,2S,2S,2S,ECX
kiran,Malaysia,SW15xz,SW15xz,PR,TP2,TP2,TP2,TP2,TP2,TP2,TP2,TP2,TP2,TP2,TP2,TP2,TP2,TP2,TP2,TP2,TP2,TP2,TP2,TP2,TP2,TP2,TP2,TP2,TP2,DOX,DOX,DOX,DOX,DOX,DOX,DOX,DOX,DOX,DOX,DOX,DOX,DOX,DOX,DOX,DOX,DOX,DOX,DOX,DOX,DOX,DOX,DOX,DOX,DOX,DOX,DOX,DOX,DOX,DOX,DOX,DOX,DOX,DOX,DOX,DOX,DOX,DOX,DOX
kiran,Maldives,UB35zx,SW15xz,PR,2S,2S,2S,2S,2S,2S,2S,2S,2S,2S,2S,2S,2S,2S,2S,2S,2S,2S,2S,2S,2S,TP2,TP2,TP2,TP2,DOX,DOX,DOX,2S,2S,2S,2S,2S,2S,2S,2S,2S,DOX,DOX,DOX,DOX,2S,2S,2S,2S,2S,2S,2S,2S,2S,DOX,DOX,DOX,DOX,2S,2S,2S,2S,2S,2S,2S,2S,2S,DOX
kiran,Mali,SW15xz,SW15xz,PR,TP2,TP2,TP2,TP2,TP2,TP2,TP2,TP2,2S,2S,2S,TP2,TP2,TP2,2S,2S,2S,2S,2S,2S,2S,2S,2S,2S,ECX,ECX,ECX,ECX,TP2,TP2,TP2,TP2,TP2,TP2,TP2,TP2,TP2,ECX,ECX,ECX,ECX,TP2,TP2,TP2,TP2,TP2,TP2,TP2,TP2,TP2,ECX,ECX,ECX,ECX,TP2,TP2,TP2,TP2,TP2,TP2,TP2,TP2,TP2,ECX
kiran,Malta,UB35zx,SW15xz,PR,TP2,TP2,TP2,3HS,TP2,3HS,TP2,TP2,3HS,3HS,TP2,TP2,TP2,TP2,3HS,DOX,DOX,DOX,DOX,DOX,DOX,DOX,DOX,DOX,DOX,DOX,DOX,DOX,TP2,TP2,TP2,TP2,TP2,TP2,TP2,TP2,TP2,DOX,DOX,DOX,DOX,TP2,TP2,TP2,TP2,TP2,TP2,TP2,TP2,TP2,DOX,DOX,DOX,DOX,TP2,TP2,TP2,TP2,TP2,TP2,TP2,TP2,TP2,DOX
kiran,Marshall Islands,SW15xz,SW15xz,PR,TP2S,TP2S,TP2S,TP2S,TP2S,2S,2S,2S,2S,2S,2S,2S,2S,2S,2S,2S,2S,2S,2S,2S,2S,2S,2S,2S,DOX,DOX,DOX,DOX,DOX,DOX,DOX,DOX,DOX,DOX,DOX,DOX,DOX,DOX,DOX,DOX,DOX,DOX,DOX,DOX,DOX,DOX,DOX,DOX,DOX,DOX,DOX,DOX,DOX,DOX,DOX,DOX,DOX,DOX,DOX,DOX,DOX,DOX,DOX,DOX
kiran,Martinique,UB35zx,SW15xz,PR,TP2,TP2,TP2,TP2,TP2,TP2,TP2,TP2,TP2,TP2,TP2,TP2,TP2,TP2,TP2,TP2,TP2,TP2,TP2,TP2,TP2,TP2,TP2,TP2,ECX,ECX,DOX,DOX,3HS,3HS,3HS,3HS,3HS,3HS,TP2,TP2,TP2,DOX,DOX,DOX,DOX,3HS,3HS,3HS,3HS,3HS,3HS,TP2,TP2,TP2,DOX,DOX,DOX,DOX,3HS,3HS,3HS,3HS,3HS,3HS,TP2,TP2,TP2,DOX
kiran,Mauritania,SW15xz,SW15xz,PR,TP2,TP2,TP2,TP2,TP2,TP2,TP2,TP2,TP2,TP2,TP2,TP2,TP2,TP2,TP2,TP2,TP2,TP2,TP2,TP2,TP2,TP2,TP2,TP2,DOX,DOX,2S,2S,2S,2S,2S,2S,2S,2S,2S,2S,2S,2S,2S,2S,2S,2S,2S,2S,2S,2S,2S,2S,2S,2S,2S,2S,2S,2S,2S,2S,2S,2S,2S,2S,2S,2S,2S,2S
kiran,Mauritius,UB35zx,SW15xz,PR,2S,2S,2S,2S,2S,2S,2S,2S,2S,2S,DOX,DOX,DOX,DOX,DOX,DOX,DOX,DOX,DOX,DOX,DOX,DOX,DOX,DOX,DOX,DOX,,,2S,2S,2S,2S,2S,2S,2S,2S,2S,,,,,2S,2S,2S,2S,2S,2S,2S,2S,2S,49,53,1H,53,2S,2S,2S,2S,2S,2S,2S,2S,2S,
kiran,Mayotte,SW15xz,SW15xz,PR,3HS,3HS,3HS,3HS,3HS,3HS,3HS,3HS,3HS,3HS,3HS,3HS,3HS,3HS,3HS,3HS,3HS,3HS,3HS,3HS,3HS,TP2,TP2,TP2,DOX,DOX,DOX,DOX,2S,2S,TP2,TP2,TP2,TP2,TP2,TP2,TP2,DOX,DOX,DOX,DOX,2S,2S,TP2,TP2,TP2,TP2,TP2,TP2,TP2,DOX,DOX,DOX,DOX,2S,2S,TP2,TP2,TP2,TP2,TP2,TP2,TP2,DOX
kiran,Mexico,UB35zx,SW15xz,PR,2S,2S,2S,2S,2S,2S,2S,2S,2S,2S,2S,2S,2S,2S,2S,2S,2S,2S,2S,2S,2S,2S,2S,2S,2S,2S,TP2,TP2,TP2,TP2,TP2,TP2,TP2,TP2,TP2,TP2,TP2,TP2,TP2,TP2,TP2,TP2,TP2,TP2,TP2,TP2,TP2,TP2,TP2,TP2,TP2,TP2,TP2,TP2,TP2,TP2,TP2,TP2,TP2,TP2,TP2,TP2,TP2,TP2
kiran,Micronesia Federated States of,SW15xz,SW15xz,PR,2S,2S,2S,2S,2S,2S,2S,2S,2S,2S,2S,2S,2S,2S,2S,2S,2S,2S,2S,2S,2S,2S,2S,2S,,,2S,2S,2S,2S,2S,2S,2S,2S,2S,2S,2S,2S,2S,2S,2S,2S,2S,2S,2S,2S,2S,2S,2S,2S,2S,2S,2S,2S,2S,2S,2S,2S,2S,2S,2S,2S,2S,2S
kiran,Moldova Republic of,UB35zx,SW15xz,PR,TP2,TP2,TP2,TP2,TP2,TP2,TP2,TP2,TP2,TP2,TP2,TP2,TP2,TP2,2S,2S,2S,TP2,TP2,TP2,TP2,TP2,TP2,TP2,DOX,DOX,,,2S,2S,2S,2S,2S,2S,2S,2S,2S,,,,,2S,2S,2S,2S,2S,2S,2S,2S,2S,49,53,1H,53,2S,2S,2S,2S,2S,2S,2S,2S,2S,
kiran,Monaco,SW15xz,SW15xz,PR,TP2,TP2,TP2,TP2,TP2,TP2,TP2,TP2,TP2,TP2,TP2,TP2,TP2,TP2,TP2,TP2,TP2,TP2,TP2,TP2,TP2,TP2,TP2,TP2,TP2,TP2,DOX,DOX,2S,2S,TP2,TP2,TP2,TP2,TP2,TP2,TP2,DOX,DOX,DOX,DOX,2S,2S,TP2,TP2,TP2,TP2,TP2,TP2,TP2,DOX,DOX,DOX,DOX,2S,2S,TP2,TP2,TP2,TP2,TP2,TP2,TP2,DOX
kiran,Mongolia,UB35zx,SW15xz,PR,TP2,TP2,TP2,TP2,TP2,TP2,TP2,TP2,2S,2S,2S,2S,2S,2S,2S,2S,2S,2S,2S,2S,2S,2S,2S,2S,2S,2S,TP2,TP2,TP2,TP2,TP2,TP2,TP2,TP2,TP2,TP2,TP2,TP2,TP2,TP2,TP2,TP2,TP2,TP2,TP2,TP2,TP2,TP2,TP2,TP2,TP2,TP2,TP2,TP2,TP2,TP2,TP2,TP2,TP2,TP2,TP2,TP2,TP2,TP2
kiran,Montserrat,SW15xz,SW15xz,PR,TP2,TP2,TP2,TP2,TP2,TP2,TP2,TP2,TP2,TP2,TP2,TP2,TP2,TP2,DOX,DOX,DOX,DOX,DOX,DOX,DOX,DOX,DOX,DOX,DOX,DOX,2S,2S,2S,2S,2S,2S,2S,2S,2S,2S,2S,2S,2S,2S,2S,2S,2S,2S,2S,2S,2S,2S,2S,2S,2S,2S,2S,2S,2S,2S,2S,2S,2S,2S,2S,2S,2S,2S
kiran,Morocco,UB35zx,SW15xz,PR,TP2,TP2,TP2,TP2,TP2,TP2,TP2,TP2,TP2,TP2,TP2,TP2,TP2,TP2,TP2,TP2,TP2,TP2,TP2,TP2,TP2,TP2,TP2,TP2,TP2,DOX,DOX,DOX,DOX,DOX,DOX,DOX,DOX,DOX,DOX,DOX,DOX,DOX,DOX,DOX,DOX,DOX,DOX,DOX,DOX,DOX,DOX,DOX,DOX,DOX,DOX,DOX,DOX,DOX,DOX,DOX,DOX,DOX,DOX,DOX,DOX,DOX,DOX,DOX
kiran,Mozambique,SW15xz,SW15xz,PR,2S,2S,2S,2S,2S,2S,2S,2S,2S,2S,2S,2S,2S,2S,2S,2S,2S,2S,2S,2S,2S,TP2,TP2,TP2,TP2,DOX,DOX,DOX,TP2,TP2,TP2,TP2,TP2,TP2,TP2,TP2,TP2,TP2,DOX,DOX,DOX,TP2,TP2,TP2,TP2,TP2,TP2,TP2,TP2,TP2,TP2,DOX,DOX,DOX,TP2,TP2,TP2,TP2,TP2,TP2,TP2,TP2,TP2,TP2
kiran,Myanmar,UB35zx,SW15xz,PR,TP2,TP2,TP2,TP2,TP2,TP2,TP2,TP2,2S,2S,2S,TP2,TP2,TP2,2S,2S,2S,2S,2S,2S,2S,2S,2S,2S,ECX,ECX,DOX,DOX,2S,2S,2S,2S,2S,2S,TP2,TP2,TP2,TP2,DOX,DOX,DOX,2S,2S,2S,2S,2S,2S,TP2,TP2,TP2,TP2,DOX,DOX,DOX,2S,2S,2S,2S,2S,2S,TP2,TP2,TP2,TP2
kiran,Namibia,SW15xz,SW15xz,PR,TP2,TP2,TP2,3HS,TP2,3HS,TP2,TP2,3HS,3HS,TP2,TP2,TP2,TP2,3HS,DOX,DOX,DOX,DOX,DOX,DOX,DOX,DOX,DOX,DOX,DOX,ECX,ECX,2S,2S,2S,2S,2S,2S,2S,2S,2S,ECX,ECX,ECX,ECX,2S,2S,2S,2S,2S,2S,2S,2S,2S,ECX,ECX,ECX,ECX,2S,2S,2S,2S,2S,2S,2S,2S,2S,ECX
kiran,Nauru,UB35zx,SW15xz,PR,1H,1,4,,,,,,,,,,,,,,,,,,,,,,,,,,,,,,,,,,,,,,,,,,,,,,,,,,,,,,,,,,,,,
kiran,Nepal,SW15xz,SW15xz,PR,TP2,TP2,TP2,TP2,TP2,TP2,TP2,TP2,TP2,TP2,TP2,TP2,TP2,TP2,TP2,TP2,TP2,TP2,TP2,TP2,TP2,TP2,TP2,TP2,ECX,ECX,DOX,DOX,2S,2S,2S,2S,2S,2S,2S,2S,2S,DOX,DOX,DOX,DOX,2S,2S,2S,2S,2S,2S,2S,2S,2S,DOX,DOX,DOX,DOX,2S,2S,2S,2S,2S,2S,2S,2S,2S,DOX
kiran,Netherlands,UB35zx,SW15xz,PR,TP2,TP2,TP2,TP2,TP2,TP2,TP2,TP2,TP2,TP2,TP2,TP2,TP2,TP2,TP2,TP2,TP2,TP2,TP2,TP2,TP2,TP2,TP2,TP2,DOX,DOX,ECX,ECX,TP2,TP2,TP2,TP2,TP2,TP2,TP2,TP2,TP2,ECX,ECX,ECX,ECX,TP2,TP2,TP2,TP2,TP2,TP2,TP2,TP2,TP2,ECX,ECX,ECX,ECX,TP2,TP2,TP2,TP2,TP2,TP2,TP2,TP2,TP2,ECX
kiran,Netherlands Antilles,SW15xz,SW15xz,PR,2S,2S,2S,2S,2S,2S,2S,2S,2S,2S,DOX,DOX,DOX,DOX,DOX,DOX,DOX,DOX,DOX,DOX,DOX,DOX,DOX,DOX,DOX,DOX,DOX,DOX,TP2,TP2,TP2,TP2,TP2,TP2,TP2,TP2,TP2,DOX,DOX,DOX,DOX,TP2,TP2,TP2,TP2,TP2,TP2,TP2,TP2,TP2,DOX,DOX,DOX,DOX,TP2,TP2,TP2,TP2,TP2,TP2,TP2,TP2,TP2,DOX
kiran,New Caledonia,UB35zx,SW15xz,PR,3HS,3HS,3HS,3HS,3HS,3HS,3HS,3HS,3HS,3HS,3HS,3HS,3HS,3HS,3HS,3HS,3HS,3HS,3HS,3HS,3HS,TP2,TP2,TP2,DOX,DOX,DOX,DOX,DOX,DOX,DOX,DOX,DOX,DOX,DOX,DOX,DOX,DOX,DOX,DOX,DOX,DOX,DOX,DOX,DOX,DOX,DOX,DOX,DOX,DOX,DOX,DOX,DOX,DOX,DOX,DOX,DOX,DOX,DOX,DOX,DOX,DOX,DOX,DOX
kiran,New Zealand,SW15xz,SW15xz,PR,2S,2S,2S,2S,2S,2S,2S,2S,2S,2S,2S,2S,2S,2S,2S,2S,2S,2S,2S,2S,2S,2S,2S,2S,2S,2S,DOX,DOX,3HS,3HS,3HS,3HS,3HS,3HS,TP2,TP2,TP2,DOX,DOX,DOX,DOX,3HS,3HS,3HS,3HS,3HS,3HS,TP2,TP2,TP2,DOX,DOX,DOX,DOX,3HS,3HS,3HS,3HS,3HS,3HS,TP2,TP2,TP2,DOX
kiran,Nicaragua,UB35zx,SW15xz,PR,2S,2S,2S,2S,2S,2S,2S,2S,2S,2S,2S,2S,2S,2S,2S,2S,2S,2S,2S,2S,2S,2S,2S,2S,,,2S,2S,2S,2S,2S,2S,2S,2S,2S,2S,2S,2S,2S,2S,2S,2S,2S,2S,2S,2S,2S,2S,2S,2S,2S,2S,2S,2S,2S,2S,2S,2S,2S,2S,2S,2S,2S,2S
kiran,Niger,SW15xz,SW15xz,PR,TP2,TP2,TP2,TP2,TP2,TP2,TP2,TP2,TP2,TP2,TP2,TP2,TP2,TP2,2S,2S,2S,TP2,TP2,TP2,TP2,TP2,TP2,TP2,DOX,DOX,,,2S,2S,2S,2S,2S,2S,2S,2S,2S,,,,,2S,2S,2S,2S,2S,2S,2S,2S,2S,49,53,1H,53,2S,2S,2S,2S,2S,2S,2S,2S,2S,
kiran,Nigeria,UB35zx,SW15xz,PR,TP2,TP2,TP2,TP2,TP2,TP2,TP2,TP2,TP2,TP2,TP2,TP2,TP2,TP2,TP2,TP2,TP2,TP2,TP2,TP2,TP2,TP2,TP2,TP2,TP2,TP2,DOX,DOX,2S,2S,TP2,TP2,TP2,TP2,TP2,TP2,TP2,DOX,DOX,DOX,DOX,2S,2S,TP2,TP2,TP2,TP2,TP2,TP2,TP2,DOX,DOX,DOX,DOX,2S,2S,TP2,TP2,TP2,TP2,TP2,TP2,TP2,DOX
kiran,Niue,SW15xz,SW15xz,PR,TP2,TP2,TP2,TP2,TP2,TP2,TP2,TP2,2S,2S,2S,2S,2S,2S,2S,2S,2S,2S,2S,2S,2S,2S,2S,2S,2S,2S,TP2,TP2,TP2,TP2,TP2,TP2,TP2,TP2,TP2,TP2,TP2,TP2,TP2,TP2,TP2,TP2,TP2,TP2,TP2,TP2,TP2,TP2,TP2,TP2,TP2,TP2,TP2,TP2,TP2,TP2,TP2,TP2,TP2,TP2,TP2,TP2,TP2,TP2
kiran,Norfolk Island,UB35zx,SW15xz,PR,TP2,TP2,TP2,TP2,TP2,TP2,TP2,TP2,TP2,TP2,TP2,TP2,TP2,TP2,DOX,DOX,DOX,DOX,DOX,DOX,DOX,DOX,DOX,DOX,DOX,DOX,2S,2S,2S,2S,2S,2S,2S,2S,2S,2S,2S,2S,2S,2S,2S,2S,2S,2S,2S,2S,2S,2S,2S,2S,2S,2S,2S,2S,2S,2S,2S,2S,2S,2S,2S,2S,2S,2S
kiran,Northern Mariana Islands,SW15xz,SW15xz,PR,TP2,TP2,TP2,TP2,TP2,TP2,TP2,TP2,TP2,TP2,TP2,TP2,TP2,TP2,TP2,TP2,TP2,TP2,TP2,TP2,TP2,TP2,TP2,TP2,TP2,DOX,DOX,DOX,DOX,DOX,DOX,DOX,DOX,DOX,DOX,DOX,DOX,DOX,DOX,DOX,DOX,DOX,DOX,DOX,DOX,DOX,DOX,DOX,DOX,DOX,DOX,DOX,DOX,DOX,DOX,DOX,DOX,DOX,DOX,DOX,DOX,DOX,DOX,DOX
kiran,Norway,UB35zx,SW15xz,PR,2S,2S,2S,2S,2S,2S,2S,2S,2S,2S,2S,2S,2S,2S,2S,2S,2S,2S,2S,2S,2S,TP2,TP2,TP2,TP2,DOX,DOX,DOX,TP2,TP2,TP2,TP2,TP2,TP2,TP2,TP2,TP2,TP2,DOX,DOX,DOX,TP2,TP2,TP2,TP2,TP2,TP2,TP2,TP2,TP2,TP2,DOX,DOX,DOX,TP2,TP2,TP2,TP2,TP2,TP2,TP2,TP2,TP2,TP2
kiran,Oman,SW15xz,SW15xz,PR,TP2,TP2,TP2,TP2,TP2,TP2,TP2,TP2,2S,2S,2S,TP2,TP2,TP2,2S,2S,2S,2S,2S,2S,2S,2S,2S,2S,ECX,ECX,DOX,DOX,2S,2S,2S,2S,2S,2S,TP2,TP2,TP2,TP2,DOX,DOX,DOX,2S,2S,2S,2S,2S,2S,TP2,TP2,TP2,TP2,DOX,DOX,DOX,2S,2S,2S,2S,2S,2S,TP2,TP2,TP2,TP2
kiran,Pakistan,UB35zx,SW15xz,PR,TP2,TP2,TP2,3HS,TP2,3HS,TP2,TP2,3HS,3HS,TP2,TP2,TP2,TP2,3HS,DOX,DOX,DOX,DOX,DOX,DOX,DOX,DOX,DOX,DOX,DOX,ECX,ECX,2S,2S,2S,2S,2S,2S,2S,2S,2S,ECX,ECX,ECX,ECX,2S,2S,2S,2S,2S,2S,2S,2S,2S,ECX,ECX,ECX,ECX,2S,2S,2S,2S,2S,2S,2S,2S,2S,ECX
kiran,Palau,SW15xz,SW15xz,PR,TP2S,TP2S,TP2S,TP2S,TP2S,2S,2S,2S,2S,2S,2S,2S,2S,2S,2S,2S,2S,2S,2S,2S,2S,2S,2S,2S,DOX,DOX,DOX,DOX,DOX,DOX,DOX,DOX,DOX,DOX,DOX,DOX,DOX,DOX,DOX,DOX,DOX,DOX,DOX,DOX,DOX,DOX,DOX,DOX,DOX,DOX,DOX,DOX,DOX,DOX,DOX,DOX,DOX,DOX,DOX,DOX,DOX,DOX,DOX,DOX
kiran,Palestinian Territory Occupied,UB35zx,SW15xz,PR,TP2,TP2,TP2,TP2,TP2,TP2,TP2,TP2,TP2,TP2,TP2,TP2,TP2,TP2,TP2,TP2,TP2,TP2,TP2,TP2,TP2,TP2,TP2,TP2,ECX,ECX,DOX,DOX,2S,2S,2S,2S,2S,2S,2S,2S,2S,DOX,DOX,DOX,DOX,2S,2S,2S,2S,2S,2S,2S,2S,2S,DOX,DOX,DOX,DOX,2S,2S,2S,2S,2S,2S,2S,2S,2S,DOX
kiran,Panama,SW15xz,SW15xz,PR,TP2,TP2,TP2,TP2,TP2,TP2,TP2,TP2,TP2,TP2,TP2,TP2,TP2,TP2,TP2,TP2,TP2,TP2,TP2,TP2,TP2,TP2,TP2,TP2,DOX,DOX,ECX,ECX,TP2,TP2,TP2,TP2,TP2,TP2,TP2,TP2,TP2,ECX,ECX,ECX,ECX,TP2,TP2,TP2,TP2,TP2,TP2,TP2,TP2,TP2,ECX,ECX,ECX,ECX,TP2,TP2,TP2,TP2,TP2,TP2,TP2,TP2,TP2,ECX
kiran,Papua New Guinea,UB35zx,SW15xz,PR,2S,2S,2S,2S,2S,2S,2S,2S,2S,2S,DOX,DOX,DOX,DOX,DOX,DOX,DOX,DOX,DOX,DOX,DOX,DOX,DOX,DOX,DOX,DOX,DOX,DOX,TP2,TP2,TP2,TP2,TP2,TP2,TP2,TP2,TP2,DOX,DOX,DOX,DOX,TP2,TP2,TP2,TP2,TP2,TP2,TP2,TP2,TP2,DOX,DOX,DOX,DOX,TP2,TP2,TP2,TP2,TP2,TP2,TP2,TP2,TP2,DOX
kiran,Paraguay,SW15xz,SW15xz,PR,3HS,3HS,3HS,3HS,3HS,3HS,3HS,3HS,3HS,3HS,3HS,3HS,3HS,3HS,3HS,3HS,3HS,3HS,3HS,3HS,3HS,TP2,TP2,TP2,DOX,DOX,DOX,DOX,DOX,DOX,DOX,DOX,DOX,DOX,DOX,DOX,DOX,DOX,DOX,DOX,DOX,DOX,DOX,DOX,DOX,DOX,DOX,DOX,DOX,DOX,DOX,DOX,DOX,DOX,DOX,DOX,DOX,DOX,DOX,DOX,DOX,DOX,DOX,DOX
kiran,Peru,UB35zx,SW15xz,PR,2S,2S,2S,2S,2S,2S,2S,2S,2S,2S,2S,2S,2S,2S,2S,2S,2S,2S,2S,2S,2S,2S,2S,2S,2S,2S,DOX,DOX,3HS,3HS,3HS,3HS,3HS,3HS,TP2,TP2,TP2,DOX,DOX,DOX,DOX,3HS,3HS,3HS,3HS,3HS,3HS,TP2,TP2,TP2,DOX,DOX,DOX,DOX,3HS,3HS,3HS,3HS,3HS,3HS,TP2,TP2,TP2,DOX
kiran,Philippines,SW15xz,SW15xz,PR,2S,2S,2S,2S,2S,2S,2S,2S,2S,2S,2S,2S,2S,2S,2S,2S,2S,2S,2S,2S,2S,2S,2S,2S,,,2S,2S,2S,2S,2S,2S,2S,2S,2S,2S,2S,2S,2S,2S,2S,2S,2S,2S,2S,2S,2S,2S,2S,2S,2S,2S,2S,2S,2S,2S,2S,2S,2S,2S,2S,2S,2S,2S
kiran,Pitcairn,UB35zx,SW15xz,PR,TP2,TP2,TP2,TP2,TP2,TP2,TP2,TP2,TP2,TP2,TP2,TP2,TP2,TP2,2S,2S,2S,TP2,TP2,TP2,TP2,TP2,TP2,TP2,DOX,DOX,,,2S,2S,2S,2S,2S,2S,2S,2S,2S,,,,,2S,2S,2S,2S,2S,2S,2S,2S,2S,49,53,1H,53,2S,2S,2S,2S,2S,2S,2S,2S,2S,53
kiran,Poland,SW15xz,SW15xz,PR,TP2,TP2,TP2,TP2,TP2,TP2,TP2,TP2,TP2,TP2,TP2,TP2,TP2,TP2,TP2,TP2,TP2,TP2,TP2,TP2,TP2,TP2,TP2,TP2,TP2,TP2,DOX,DOX,2S,2S,TP2,TP2,TP2,TP2,TP2,TP2,TP2,DOX,DOX,DOX,DOX,2S,2S,TP2,TP2,TP2,TP2,TP2,TP2,TP2,DOX,DOX,DOX,DOX,2S,2S,TP2,TP2,TP2,TP2,TP2,TP2,TP2,DOX
kiran,Portugal,UB35zx,SW15xz,PR,TP2,TP2,TP2,TP2,TP2,TP2,TP2,TP2,2S,2S,2S,2S,2S,2S,2S,2S,2S,2S,2S,2S,2S,2S,2S,2S,2S,2S,TP2,TP2,TP2,TP2,TP2,TP2,TP2,TP2,TP2,TP2,TP2,TP2,TP2,TP2,TP2,TP2,TP2,TP2,TP2,TP2,TP2,TP2,TP2,TP2,TP2,TP2,TP2,TP2,TP2,TP2,TP2,TP2,TP2,TP2,TP2,TP2,TP2,TP2
kiran,Puerto Rico,SW15xz,SW15xz,PR,TP2,TP2,TP2,TP2,TP2,TP2,TP2,TP2,TP2,TP2,TP2,TP2,TP2,TP2,DOX,DOX,DOX,DOX,DOX,DOX,DOX,DOX,DOX,DOX,DOX,DOX,2S,2S,2S,2S,2S,2S,2S,2S,2S,2S,2S,2S,2S,2S,2S,2S,2S,2S,2S,2S,2S,2S,2S,2S,2S,2S,2S,2S,2S,2S,2S,2S,2S,2S,2S,2S,2S,2S
kiran,Qatar,UB35zx,SW15xz,PR,TP2,TP2,TP2,TP2,TP2,TP2,TP2,TP2,TP2,TP2,TP2,TP2,TP2,TP2,TP2,TP2,TP2,TP2,TP2,TP2,TP2,TP2,TP2,TP2,TP2,DOX,,,2S,2S,2S,2S,2S,2S,2S,2S,2S,,,,,2S,2S,2S,2S,2S,2S,2S,2S,2S,49,53,1H,53,2S,2S,2S,2S,2S,2S,2S,2S,2S,2
kiran,Reunion,SW15xz,SW15xz,PR,2S,2S,2S,2S,2S,2S,2S,2S,2S,2S,2S,2S,2S,2S,2S,2S,2S,2S,2S,2S,2S,TP2,TP2,TP2,TP2,DOX,DOX,DOX,2S,2S,TP2,TP2,TP2,TP2,TP2,TP2,TP2,DOX,DOX,DOX,DOX,2S,2S,TP2,TP2,TP2,TP2,TP2,TP2,TP2,DOX,DOX,DOX,DOX,2S,2S,TP2,TP2,TP2,TP2,TP2,TP2,TP2,DOX
kiran,Romania,UB35zx,SW15xz,PR,TP2,TP2,TP2,TP2,TP2,TP2,TP2,TP2,2S,2S,2S,TP2,TP2,TP2,2S,2S,2S,2S,2S,2S,2S,2S,2S,2S,ECX,ECX,TP2,TP2,TP2,TP2,TP2,TP2,TP2,TP2,TP2,TP2,TP2,TP2,TP2,TP2,TP2,TP2,TP2,TP2,TP2,TP2,TP2,TP2,TP2,TP2,TP2,TP2,TP2,TP2,TP2,TP2,TP2,TP2,TP2,TP2,TP2,TP2,TP2,TP2
kiran,Russian Federation,SW15xz,SW15xz,PR,TP2,TP2,TP2,3HS,TP2,3HS,TP2,TP2,3HS,3HS,TP2,TP2,TP2,TP2,3HS,DOX,DOX,DOX,DOX,DOX,DOX,DOX,DOX,DOX,DOX,DOX,2S,2S,2S,2S,2S,2S,2S,2S,2S,2S,2S,2S,2S,2S,2S,2S,2S,2S,2S,2S,2S,2S,2S,2S,2S,2S,2S,2S,2S,2S,2S,2S,2S,2S,2S,2S,2S,2S
kiran,Rwanda,UB35zx,SW15xz,PR,TP2S,TP2S,TP2S,TP2S,TP2S,2S,2S,2S,2S,2S,2S,2S,2S,2S,2S,2S,2S,2S,2S,2S,2S,2S,2S,2S,DOX,DOX,DOX,DOX,DOX,DOX,DOX,DOX,DOX,DOX,DOX,DOX,DOX,DOX,DOX,DOX,DOX,DOX,DOX,DOX,DOX,DOX,DOX,DOX,DOX,DOX,DOX,DOX,DOX,DOX,DOX,DOX,DOX,DOX,DOX,DOX,DOX,DOX,DOX,DOX
kiran,Saint Helena,SW15xz,SW15xz,PR,TP2,TP2,TP2,TP2,TP2,TP2,TP2,TP2,TP2,TP2,TP2,TP2,TP2,TP2,TP2,TP2,TP2,TP2,TP2,TP2,TP2,TP2,TP2,TP2,ECX,ECX,DOX,DOX,TP2,TP2,TP2,TP2,TP2,TP2,TP2,TP2,TP2,TP2,DOX,DOX,DOX,TP2,TP2,TP2,TP2,TP2,TP2,TP2,TP2,TP2,TP2,DOX,DOX,DOX,TP2,TP2,TP2,TP2,TP2,TP2,TP2,TP2,TP2,TP2
kiran,Saint Kitts and Nevis,UB35zx,SW15xz,PR,TP2,TP2,TP2,TP2,TP2,TP2,TP2,TP2,TP2,TP2,TP2,TP2,TP2,TP2,TP2,TP2,TP2,TP2,TP2,TP2,TP2,TP2,TP2,TP2,DOX,DOX,DOX,DOX,2S,2S,2S,2S,2S,2S,TP2,TP2,TP2,TP2,DOX,DOX,DOX,2S,2S,2S,2S,2S,2S,TP2,TP2,TP2,TP2,DOX,DOX,DOX,2S,2S,2S,2S,2S,2S,TP2,TP2,TP2,TP2
kiran,Saint Lucia,SW15xz,SW15xz,PR,2S,2S,2S,2S,2S,2S,2S,2S,2S,2S,DOX,DOX,DOX,DOX,DOX,DOX,DOX,DOX,DOX,DOX,DOX,DOX,DOX,DOX,DOX,DOX,ECX,ECX,2S,2S,2S,2S,2S,2S,2S,2S,2S,ECX,ECX,ECX,ECX,2S,2S,2S,2S,2S,2S,2S,2S,2S,ECX,ECX,ECX,ECX,2S,2S,2S,2S,2S,2S,2S,2S,2S,ECX
kiran,Saint Pierre and Miquelon,UB35zx,SW15xz,PR,3HS,3HS,3HS,3HS,3HS,3HS,3HS,3HS,3HS,3HS,3HS,3HS,3HS,3HS,3HS,3HS,3HS,3HS,3HS,3HS,3HS,TP2,TP2,TP2,DOX,DOX,DOX,DOX,DOX,DOX,DOX,DOX,DOX,DOX,DOX,DOX,DOX,DOX,DOX,DOX,DOX,DOX,DOX,DOX,DOX,DOX,DOX,DOX,DOX,DOX,DOX,DOX,DOX,DOX,DOX,DOX,DOX,DOX,DOX,DOX,DOX,DOX,DOX,DOX
kiran,Samoa,UB35zx,SW15xz,PR,2S,2S,2S,2S,2S,2S,2S,2S,2S,2S,2S,2S,2S,2S,2S,2S,2S,2S,2S,2S,2S,2S,2S,2S,,,ECX,ECX,TP2,TP2,TP2,TP2,TP2,TP2,TP2,TP2,TP2,ECX,ECX,ECX,ECX,TP2,TP2,TP2,TP2,TP2,TP2,TP2,TP2,TP2,ECX,ECX,ECX,ECX,TP2,TP2,TP2,TP2,TP2,TP2,TP2,TP2,TP2,ECX
kiran,San Marino,SW15xz,SW15xz,PR,TP2,TP2,TP2,TP2,TP2,TP2,TP2,TP2,TP2,TP2,TP2,TP2,TP2,TP2,2S,2S,2S,TP2,TP2,TP2,TP2,TP2,TP2,TP2,DOX,DOX,DOX,DOX,TP2,TP2,TP2,TP2,TP2,TP2,TP2,TP2,TP2,DOX,DOX,DOX,DOX,TP2,TP2,TP2,TP2,TP2,TP2,TP2,TP2,TP2,DOX,DOX,DOX,DOX,TP2,TP2,TP2,TP2,TP2,TP2,TP2,TP2,TP2,DOX
kiran,Sao Tome and Principe,UB35zx,SW15xz,PR,TP2,TP2,TP2,TP2,TP2,TP2,TP2,TP2,TP2,TP2,TP2,TP2,TP2,TP2,TP2,TP2,TP2,TP2,TP2,TP2,TP2,TP2,TP2,TP2,TP2,TP2,DOX,DOX,DOX,DOX,DOX,DOX,DOX,DOX,DOX,DOX,DOX,DOX,DOX,DOX,DOX,DOX,DOX,DOX,DOX,DOX,DOX,DOX,DOX,DOX,DOX,DOX,DOX,DOX,DOX,DOX,DOX,DOX,DOX,DOX,DOX,DOX,DOX,DOX
kiran,Saudi Arabia,SW15xz,SW15xz,PR,TP2,TP2,TP2,TP2,TP2,TP2,TP2,TP2,2S,2S,2S,2S,2S,2S,2S,2S,2S,2S,2S,2S,2S,2S,2S,2S,2S,2S,DOX,DOX,3HS,3HS,3HS,3HS,3HS,3HS,TP2,TP2,TP2,DOX,DOX,DOX,DOX,3HS,3HS,3HS,3HS,3HS,3HS,TP2,TP2,TP2,DOX,DOX,DOX,DOX,3HS,3HS,3HS,3HS,3HS,3HS,TP2,TP2,TP2,DOX
kiran,Senegal,UB35zx,SW15xz,PR,TP2,TP2,TP2,TP2,TP2,TP2,TP2,TP2,TP2,TP2,TP2,TP2,TP2,TP2,DOX,DOX,DOX,DOX,DOX,DOX,DOX,DOX,DOX,DOX,DOX,DOX,2S,2S,2S,2S,2S,2S,2S,2S,2S,2S,2S,2S,2S,2S,2S,2S,2S,2S,2S,2S,2S,2S,2S,2S,2S,2S,2S,2S,2S,2S,2S,2S,2S,2S,2S,2S,2S,2S
kiran,Serbia and Montenegro,SW15xz,SW15xz,PR,TP2,TP2,TP2,TP2,TP2,TP2,TP2,TP2,TP2,TP2,TP2,TP2,TP2,TP2,TP2,TP2,TP2,TP2,TP2,TP2,TP2,TP2,TP2,TP2,TP2,DOX,,,2S,2S,2S,2S,2S,2S,2S,2S,2S,,,,,2S,2S,2S,2S,2S,2S,2S,2S,2S,49,53,1H,53,2S,2S,2S,2S,2S,2S,2S,2S,2S,WPX
kiran,Seychelles,UB35zx,SW15xz,PR,2S,2S,2S,2S,2S,2S,2S,2S,2S,2S,2S,2S,2S,2S,2S,2S,2S,2S,2S,2S,2S,TP2,TP2,TP2,TP2,DOX,DOX,DOX,2S,2S,TP2,TP2,TP2,TP2,TP2,TP2,TP2,DOX,DOX,DOX,DOX,2S,2S,TP2,TP2,TP2,TP2,TP2,TP2,TP2,DOX,DOX,DOX,DOX,2S,2S,TP2,TP2,TP2,TP2,TP2,TP2,TP2,DOX
kiran,Sierra Leone,SW15xz,SW15xz,PR,TP2,TP2,TP2,TP2,TP2,TP2,TP2,TP2,2S,2S,2S,TP2,TP2,TP2,2S,2S,2S,2S,2S,2S,2S,2S,2S,2S,ECX,ECX,TP2,TP2,TP2,TP2,TP2,TP2,TP2,TP2,TP2,TP2,TP2,TP2,TP2,TP2,TP2,TP2,TP2,TP2,TP2,TP2,TP2,TP2,TP2,TP2,TP2,TP2,TP2,TP2,TP2,TP2,TP2,TP2,TP2,TP2,TP2,TP2,TP2,TP2
kiran,Singapore,UB35zx,SW15xz,PR,TP2,TP2,TP2,3HS,TP2,3HS,TP2,TP2,3HS,3HS,TP2,TP2,TP2,TP2,3HS,DOX,DOX,DOX,DOX,DOX,DOX,DOX,DOX,DOX,DOX,DOX,2S,2S,2S,2S,2S,2S,2S,2S,2S,2S,2S,2S,2S,2S,2S,2S,2S,2S,2S,2S,2S,2S,2S,2S,2S,2S,2S,2S,2S,2S,2S,2S,2S,2S,2S,2S,2S,2S
kiran,Slovakia,SW15xz,SW15xz,PR,TP2S,TP2S,TP2S,TP2S,TP2S,2S,2S,2S,2S,2S,2S,2S,2S,2S,2S,2S,2S,2S,2S,2S,2S,2S,2S,2S,DOX,DOX,DOX,DOX,DOX,DOX,DOX,DOX,DOX,DOX,DOX,DOX,DOX,DOX,DOX,DOX,DOX,DOX,DOX,DOX,DOX,DOX,DOX,DOX,DOX,DOX,DOX,DOX,DOX,DOX,DOX,DOX,DOX,DOX,DOX,DOX,DOX,DOX,DOX,DOX
kiran,Slovenia,UB35zx,SW15xz,PR,TP2,TP2,TP2,TP2,TP2,TP2,TP2,TP2,TP2,TP2,TP2,TP2,TP2,TP2,TP2,TP2,TP2,TP2,TP2,TP2,TP2,TP2,TP2,TP2,ECX,ECX,DOX,DOX,TP2,TP2,TP2,TP2,TP2,TP2,TP2,TP2,TP2,TP2,DOX,DOX,DOX,TP2,TP2,TP2,TP2,TP2,TP2,TP2,TP2,TP2,TP2,DOX,DOX,DOX,TP2,TP2,TP2,TP2,TP2,TP2,TP2,TP2,TP2,TP2
kiran,Solomon Islands,SW15xz,SW15xz,PR,TP2,TP2,TP2,TP2,TP2,TP2,TP2,TP2,TP2,TP2,TP2,TP2,TP2,TP2,TP2,TP2,TP2,TP2,TP2,TP2,TP2,TP2,TP2,TP2,DOX,DOX,DOX,DOX,2S,2S,2S,2S,2S,2S,TP2,TP2,TP2,TP2,DOX,DOX,DOX,2S,2S,2S,2S,2S,2S,TP2,TP2,TP2,TP2,DOX,DOX,DOX,2S,2S,2S,2S,2S,2S,TP2,TP2,TP2,TP2
kiran,Somalia,UB35zx,SW15xz,PR,2S,2S,2S,2S,2S,2S,2S,2S,2S,2S,DOX,DOX,DOX,DOX,DOX,DOX,DOX,DOX,DOX,DOX,DOX,DOX,DOX,DOX,DOX,DOX,ECX,ECX,2S,2S,2S,2S,2S,2S,2S,2S,2S,ECX,ECX,ECX,ECX,2S,2S,2S,2S,2S,2S,2S,2S,2S,ECX,ECX,ECX,ECX,2S,2S,2S,2S,2S,2S,2S,2S,2S,ECX
kiran,South Africa,SW15xz,SW15xz,PR,3HS,3HS,3HS,3HS,3HS,3HS,3HS,3HS,3HS,3HS,3HS,3HS,3HS,3HS,3HS,3HS,3HS,3HS,3HS,3HS,3HS,TP2,TP2,TP2,DOX,DOX,DOX,DOX,DOX,DOX,DOX,DOX,DOX,DOX,DOX,DOX,DOX,DOX,DOX,DOX,DOX,DOX,DOX,DOX,DOX,DOX,DOX,DOX,DOX,DOX,DOX,DOX,DOX,DOX,DOX,DOX,DOX,DOX,DOX,DOX,DOX,DOX,DOX,DOX
kiran,Spain,SW15xz,SW15xz,PR,2S,2S,2S,2S,2S,2S,2S,2S,2S,2S,2S,2S,2S,2S,2S,2S,2S,2S,2S,2S,2S,2S,2S,2S,,,ECX,ECX,TP2,TP2,TP2,TP2,TP2,TP2,TP2,TP2,TP2,ECX,ECX,ECX,ECX,TP2,TP2,TP2,TP2,TP2,TP2,TP2,TP2,TP2,ECX,ECX,ECX,ECX,TP2,TP2,TP2,TP2,TP2,TP2,TP2,TP2,TP2,ECX
kiran,Si Lanka,UB35zx,SW15xz,PR,TP2,TP2,TP2,TP2,TP2,TP2,TP2,TP2,TP2,TP2,TP2,TP2,TP2,TP2,2S,2S,2S,TP2,TP2,TP2,TP2,TP2,TP2,TP2,DOX,DOX,DOX,DOX,TP2,TP2,TP2,TP2,TP2,TP2,TP2,TP2,TP2,DOX,DOX,DOX,DOX,TP2,TP2,TP2,TP2,TP2,TP2,TP2,TP2,TP2,DOX,DOX,DOX,DOX,TP2,TP2,TP2,TP2,TP2,TP2,TP2,TP2,TP2,DOX
kiran,Sudan,SW15xz,SW15xz,PR,TP2,TP2,TP2,TP2,TP2,TP2,TP2,TP2,TP2,TP2,TP2,TP2,TP2,TP2,TP2,TP2,TP2,TP2,TP2,TP2,TP2,TP2,TP2,TP2,TP2,TP2,DOX,DOX,DOX,DOX,DOX,DOX,DOX,DOX,DOX,DOX,DOX,DOX,DOX,DOX,DOX,DOX,DOX,DOX,DOX,DOX,DOX,DOX,DOX,DOX,DOX,DOX,DOX,DOX,DOX,DOX,DOX,DOX,DOX,DOX,DOX,DOX,DOX,DOX
kiran,Suriname,UB35zx,SW15xz,PR,TP2,TP2,TP2,TP2,TP2,TP2,TP2,TP2,2S,2S,2S,2S,2S,2S,2S,2S,2S,2S,2S,2S,2S,2S,2S,2S,2S,2S,DOX,DOX,3HS,3HS,3HS,3HS,3HS,3HS,TP2,TP2,TP2,DOX,DOX,DOX,DOX,3HS,3HS,3HS,3HS,3HS,3HS,TP2,TP2,TP2,DOX,DOX,DOX,DOX,3HS,3HS,3HS,3HS,3HS,3HS,TP2,TP2,TP2,DOX
kiran,Svalbard and Jan Mayen,SW15xz,SW15xz,PR,TP2,TP2,TP2,TP2,TP2,TP2,TP2,TP2,TP2,TP2,TP2,TP2,TP2,TP2,DOX,DOX,DOX,DOX,DOX,DOX,DOX,DOX,DOX,DOX,DOX,DOX,2S,2S,2S,2S,2S,2S,2S,2S,2S,2S,2S,2S,2S,2S,2S,2S,2S,2S,2S,2S,2S,2S,2S,2S,2S,2S,2S,2S,2S,2S,2S,2S,2S,2S,2S,2S,2S,2S
kiran,Swaziland,UB35zx,SW15xz,PR,TP2,TP2,TP2,TP2,TP2,TP2,TP2,TP2,TP2,TP2,TP2,TP2,TP2,TP2,TP2,TP2,TP2,TP2,TP2,TP2,TP2,TP2,TP2,TP2,TP2,DOX,,,2S,2S,2S,2S,2S,2S,2S,2S,2S,,,,,2S,2S,2S,2S,2S,2S,2S,2S,2S,49,53,1H,53,2S,2S,2S,2S,2S,2S,2S,2S,2S,DOX
kiran,Sweden,SW15xz,SW15xz,PR,2S,2S,2S,2S,2S,2S,2S,2S,2S,2S,2S,2S,2S,2S,2S,2S,2S,2S,2S,2S,2S,TP2,TP2,TP2,TP2,DOX,DOX,DOX,2S,2S,TP2,TP2,TP2,TP2,TP2,TP2,TP2,DOX,DOX,DOX,DOX,2S,2S,TP2,TP2,TP2,TP2,TP2,TP2,TP2,DOX,DOX,DOX,DOX,2S,2S,TP2,TP2,TP2,TP2,TP2,TP2,TP2,DOX
kiran,Switzerland,UB35zx,SW15xz,PR,TP2,TP2,TP2,TP2,TP2,TP2,TP2,TP2,2S,2S,2S,TP2,TP2,TP2,2S,2S,2S,2S,2S,2S,2S,2S,2S,2S,ECX,ECX,TP2,TP2,TP2,TP2,TP2,TP2,TP2,TP2,TP2,TP2,TP2,TP2,TP2,TP2,TP2,TP2,TP2,TP2,TP2,TP2,TP2,TP2,TP2,TP2,TP2,TP2,TP2,TP2,TP2,TP2,TP2,TP2,TP2,TP2,TP2,TP2,TP2,TP2
kiran,Syrian Arab Republic,SW15xz,SW15xz,PR,TP2,TP2,TP2,3HS,TP2,3HS,TP2,TP2,3HS,3HS,TP2,TP2,TP2,TP2,3HS,DOX,DOX,DOX,DOX,DOX,DOX,DOX,DOX,DOX,DOX,DOX,2S,2S,2S,2S,2S,2S,2S,2S,2S,2S,2S,2S,2S,2S,2S,2S,2S,2S,2S,2S,2S,2S,2S,2S,2S,2S,2S,2S,2S,2S,2S,2S,2S,2S,2S,2S,2S,2S
kiran,Taiwan Province of China,UB35zx,SW15xz,PR,TP2S,TP2S,TP2S,TP2S,TP2S,2S,2S,2S,2S,2S,2S,2S,2S,2S,2S,2S,2S,2S,2S,2S,2S,2S,2S,2S,DOX,DOX,,,2S,2S,2S,2S,2S,2S,2S,2S,2S,,,,,2S,2S,2S,2S,2S,2S,2S,2S,2S,49,53,1H,53,2S,2S,2S,2S,2S,2S,2S,2S,2S,2S
kiran,Tajikistan,SW15xz,SW15xz,PR,TP2,TP2,TP2,TP2,TP2,TP2,TP2,TP2,TP2,TP2,TP2,TP2,TP2,TP2,TP2,TP2,TP2,TP2,TP2,TP2,TP2,TP2,TP2,TP2,ECX,ECX,DOX,DOX,2S,2S,TP2,TP2,TP2,TP2,TP2,TP2,TP2,DOX,DOX,DOX,DOX,2S,2S,TP2,TP2,TP2,TP2,TP2,TP2,TP2,DOX,DOX,DOX,DOX,2S,2S,TP2,TP2,TP2,TP2,TP2,TP2,TP2,DOX
kiran,Tanzania United Republic of,UB35zx,SW15xz,PR,TP2,TP2,TP2,TP2,TP2,TP2,TP2,TP2,TP2,TP2,TP2,TP2,TP2,TP2,TP2,TP2,TP2,TP2,TP2,TP2,TP2,TP2,TP2,TP2,DOX,DOX,TP2,TP2,TP2,TP2,TP2,TP2,TP2,TP2,TP2,TP2,TP2,TP2,TP2,TP2,TP2,TP2,TP2,TP2,TP2,TP2,TP2,TP2,TP2,TP2,TP2,TP2,TP2,TP2,TP2,TP2,TP2,TP2,TP2,TP2,TP2,TP2,TP2,TP2
kiran,Thailand,SW15xz,SW15xz,PR,2S,2S,2S,2S,2S,2S,2S,2S,2S,2S,DOX,DOX,DOX,DOX,DOX,DOX,DOX,DOX,DOX,DOX,DOX,DOX,DOX,DOX,DOX,DOX,2S,2S,2S,2S,2S,2S,2S,2S,2S,2S,2S,2S,2S,2S,2S,2S,2S,2S,2S,2S,2S,2S,2S,2S,2S,2S,2S,2S,2S,2S,2S,2S,2S,2S,2S,2S,2S,2S
kiran,Timor Leste,UB35zx,SW15xz,PR,3HS,3HS,3HS,3HS,3HS,3HS,3HS,3HS,3HS,3HS,3HS,3HS,3HS,3HS,3HS,3HS,3HS,3HS,3HS,3HS,3HS,TP2,TP2,TP2,DOX,DOX,DOX,DOX,DOX,DOX,DOX,DOX,DOX,DOX,DOX,DOX,DOX,DOX,DOX,DOX,DOX,DOX,DOX,DOX,DOX,DOX,DOX,DOX,DOX,DOX,DOX,DOX,DOX,DOX,DOX,DOX,DOX,DOX,DOX,DOX,DOX,DOX,DOX,DOX
kiran,Togo,SW15xz,SW15xz,PR,2S,2S,2S,2S,2S,2S,2S,2S,2S,2S,2S,2S,2S,2S,2S,2S,2S,2S,2S,2S,2S,2S,2S,2S,2S,2S,DOX,DOX,TP2,TP2,TP2,TP2,TP2,TP2,TP2,TP2,TP2,TP2,DOX,DOX,DOX,TP2,TP2,TP2,TP2,TP2,TP2,TP2,TP2,TP2,TP2,DOX,DOX,DOX,TP2,TP2,TP2,TP2,TP2,TP2,TP2,TP2,TP2,TP2
kiran,Tokelau,UB35zx,SW15xz,PR,2S,2S,2S,2S,2S,2S,2S,2S,2S,2S,2S,2S,2S,2S,2S,2S,2S,2S,2S,2S,2S,2S,2S,2S,,,DOX,DOX,2S,2S,2S,2S,2S,2S,TP2,TP2,TP2,TP2,DOX,DOX,DOX,2S,2S,2S,2S,2S,2S,TP2,TP2,TP2,TP2,DOX,DOX,DOX,2S,2S,2S,2S,2S,2S,TP2,TP2,TP2,TP2
kiran,Tonga,SW15xz,SW15xz,PR,TP2,TP2,TP2,TP2,TP2,TP2,TP2,TP2,TP2,TP2,TP2,TP2,TP2,TP2,2S,2S,2S,TP2,TP2,TP2,TP2,TP2,TP2,TP2,DOX,DOX,ECX,ECX,2S,2S,2S,2S,2S,2S,2S,2S,2S,ECX,ECX,ECX,ECX,2S,2S,2S,2S,2S,2S,2S,2S,2S,ECX,ECX,ECX,ECX,2S,2S,2S,2S,2S,2S,2S,2S,2S,ECX
kiran,Trinidad and Tobago,UB35zx,SW15xz,PR,TP2,TP2,TP2,TP2,TP2,TP2,TP2,TP2,TP2,TP2,TP2,TP2,TP2,TP2,TP2,TP2,TP2,TP2,TP2,TP2,TP2,TP2,TP2,TP2,TP2,TP2,DOX,DOX,DOX,DOX,DOX,DOX,DOX,DOX,DOX,DOX,DOX,DOX,DOX,DOX,DOX,DOX,DOX,DOX,DOX,DOX,DOX,DOX,DOX,DOX,DOX,DOX,DOX,DOX,DOX,DOX,DOX,DOX,DOX,DOX,DOX,DOX,DOX,DOX
kiran,Tunisia,SW15xz,SW15xz,PR,TP2,TP2,TP2,TP2,TP2,TP2,TP2,TP2,2S,2S,2S,2S,2S,2S,2S,2S,2S,2S,2S,2S,2S,2S,2S,2S,2S,2S,DOX,DOX,2S,2S,2S,2S,2S,2S,2S,2S,2S,DOX,DOX,DOX,DOX,2S,2S,2S,2S,2S,2S,2S,2S,2S,DOX,DOX,DOX,DOX,2S,2S,2S,2S,2S,2S,2S,2S,2S,DOX
kiran,Turkey,UB35zx,SW15xz,PR,TP2,TP2,TP2,TP2,TP2,TP2,TP2,TP2,TP2,TP2,TP2,TP2,TP2,TP2,DOX,DOX,DOX,DOX,DOX,DOX,DOX,DOX,DOX,DOX,DOX,DOX,ECX,ECX,TP2,TP2,TP2,TP2,TP2,TP2,TP2,TP2,TP2,ECX,ECX,ECX,ECX,TP2,TP2,TP2,TP2,TP2,TP2,TP2,TP2,TP2,ECX,ECX,ECX,ECX,TP2,TP2,TP2,TP2,TP2,TP2,TP2,TP2,TP2,ECX
kiran,Turkmenistan,SW15xz,SW15xz,PR,2,1,7,,,,,,,,,,,,,,,,,,,,,,,,,,,,,,,,,,,,,,,,,,,,,,,,,,,,,,,,,,,,,
kiran,Turks and Caicos Islands,UB35zx,SW15xz,PR,2S,2S,2S,2S,2S,2S,2S,2S,2S,2S,2S,2S,2S,2S,2S,2S,2S,2S,2S,2S,2S,TP2,TP2,TP2,TP2,DOX,DOX,DOX,DOX,DOX,DOX,DOX,DOX,DOX,DOX,DOX,DOX,DOX,DOX,DOX,DOX,DOX,DOX,DOX,DOX,DOX,DOX,DOX,DOX,DOX,DOX,DOX,DOX,DOX,DOX,DOX,DOX,DOX,DOX,DOX,DOX,DOX,DOX,DOX
kiran,Tuvalu,SW15xz,SW15xz,PR,TP2,TP2,TP2,TP2,TP2,TP2,TP2,TP2,2S,2S,2S,TP2,TP2,TP2,2S,2S,2S,2S,2S,2S,2S,2S,2S,2S,ECX,ECX,DOX,DOX,3HS,3HS,3HS,3HS,3HS,3HS,TP2,TP2,TP2,DOX,DOX,DOX,DOX,3HS,3HS,3HS,3HS,3HS,3HS,TP2,TP2,TP2,DOX,DOX,DOX,DOX,3HS,3HS,3HS,3HS,3HS,3HS,TP2,TP2,TP2,DOX
kiran,Uganda,UB35zx,SW15xz,PR,TP2,TP2,TP2,3HS,TP2,3HS,TP2,TP2,3HS,3HS,TP2,TP2,TP2,TP2,3HS,DOX,DOX,DOX,DOX,DOX,DOX,DOX,DOX,DOX,DOX,DOX,2S,2S,2S,2S,2S,2S,2S,2S,2S,2S,2S,2S,2S,2S,2S,2S,2S,2S,2S,2S,2S,2S,2S,2S,2S,2S,2S,2S,2S,2S,2S,2S,2S,2S,2S,2S,2S,2S
kiran,Ukraine,SW15xz,SW15xz,PR,TP2S,TP2S,TP2S,TP2S,TP2S,2S,2S,2S,2S,2S,2S,2S,2S,2S,2S,2S,2S,2S,2S,2S,2S,2S,2S,2S,DOX,DOX,,,2S,2S,2S,2S,2S,2S,2S,2S,2S,,,,,2S,2S,2S,2S,2S,2S,2S,2S,2S,49,53,1H,53,2S,2S,2S,2S,2S,2S,2S,2S,2S,TP2S
kiran,United Arab Emirates,UB35zx,SW15xz,PR,TP2,TP2,TP2,TP2,TP2,TP2,TP2,TP2,TP2,TP2,TP2,TP2,TP2,TP2,TP2,TP2,TP2,TP2,TP2,TP2,TP2,TP2,TP2,TP2,ECX,ECX,DOX,DOX,2S,2S,TP2,TP2,TP2,TP2,TP2,TP2,TP2,DOX,DOX,DOX,DOX,2S,2S,TP2,TP2,TP2,TP2,TP2,TP2,TP2,DOX,DOX,DOX,DOX,2S,2S,TP2,TP2,TP2,TP2,TP2,TP2,TP2,DOX
kiran,United Kingdom,SW15xz,SW15xz,PR,TP2,1H,2,TP2S,2S,1HS,3H,3HS,TP2,TP2,53,TP2,TP2,49,TP2,TP2,RM1,TP2,TP2,RM2,TP2,TP2,CT,FT,DOX,DOX,PAID,TP2,ESU,ESU,ESU,ESU,ESU,ESU,TP2,TP2,WPX,TP2,PAID,TP2S,PAID,TP2,PREPAID,TP2,PREPAID,TP2,TP2,PREPAID,REGPOST,REGPOST,REGPOST,REGPOST,EURBTOC,REGPOST,REGPOST,EURBTOC,TP2,PAID,TP2,EURBTOC,PREPAID,TP2,TP2,PAID
kiran,United States,UB35zx,SW15xz,PR,2S,2S,2S,2S,2S,2S,2S,2S,2S,2S,DOX,DOX,DOX,DOX,DOX,DOX,DOX,DOX,DOX,DOX,DOX,DOX,DOX,DOX,DOX,DOX,2S,2S,2S,2S,2S,2S,2S,2S,2S,2S,2S,2S,2S,2S,2S,2S,2S,2S,2S,2S,2S,2S,2S,2S,2S,2S,2S,2S,2S,2S,2S,2S,2S,2S,2S,2S,2S,2S
kiran,Uruguay,UB35zx,SW15xz,PR,2S,2S,2S,2S,2S,2S,2S,2S,2S,2S,2S,2S,2S,2S,2S,2S,2S,2S,2S,2S,2S,2S,2S,2S,2S,2S,DOX,DOX,TP2,TP2,TP2,TP2,TP2,TP2,TP2,TP2,TP2,TP2,DOX,DOX,DOX,TP2,TP2,TP2,TP2,TP2,TP2,TP2,TP2,TP2,TP2,DOX,DOX,DOX,TP2,TP2,TP2,TP2,TP2,TP2,TP2,TP2,TP2,TP2
kiran,Uzbekistan,SW15xz,SW15xz,PR,2S,2S,2S,2S,2S,2S,2S,2S,2S,2S,2S,2S,2S,2S,2S,2S,2S,2S,2S,2S,2S,2S,2S,2S,,,DOX,DOX,2S,2S,2S,2S,2S,2S,TP2,TP2,TP2,TP2,DOX,DOX,DOX,2S,2S,2S,2S,2S,2S,TP2,TP2,TP2,TP2,DOX,DOX,DOX,2S,2S,2S,2S,2S,2S,TP2,TP2,TP2,TP2
kiran,Vanuatu,UB35zx,SW15xz,PR,TP2,TP2,TP2,TP2,TP2,TP2,TP2,TP2,TP2,TP2,TP2,TP2,TP2,TP2,2S,2S,2S,TP2,TP2,TP2,TP2,TP2,TP2,TP2,DOX,DOX,ECX,ECX,2S,2S,2S,2S,2S,2S,2S,2S,2S,ECX,ECX,ECX,ECX,2S,2S,2S,2S,2S,2S,2S,2S,2S,ECX,ECX,ECX,ECX,2S,2S,2S,2S,2S,2S,2S,2S,2S,ECX
kiran,Venezuela,SW15xz,SW15xz,PR,TP2,TP2,TP2,TP2,TP2,TP2,TP2,TP2,TP2,TP2,TP2,TP2,TP2,TP2,TP2,TP2,TP2,TP2,TP2,TP2,TP2,TP2,TP2,TP2,TP2,TP2,DOX,DOX,DOX,DOX,DOX,DOX,DOX,DOX,DOX,DOX,DOX,DOX,DOX,DOX,DOX,DOX,DOX,DOX,DOX,DOX,DOX,DOX,DOX,DOX,DOX,DOX,DOX,DOX,DOX,DOX,DOX,DOX,DOX,DOX,DOX,DOX,DOX,DOX
kiran,Viet Nam,UB35zx,SW15xz,PR,TP2,TP2,TP2,TP2,TP2,TP2,TP2,TP2,2S,2S,2S,2S,2S,2S,2S,2S,2S,2S,2S,2S,2S,2S,2S,2S,2S,2S,DOX,DOX,2S,2S,2S,2S,2S,2S,2S,2S,2S,DOX,DOX,DOX,DOX,2S,2S,2S,2S,2S,2S,2S,2S,2S,DOX,DOX,DOX,DOX,2S,2S,2S,2S,2S,2S,2S,2S,2S,DOX
kiran,Virgin Islands British,SW15xz,SW15xz,PR,TP2,TP2,TP2,TP2,TP2,TP2,TP2,TP2,TP2,TP2,TP2,TP2,TP2,TP2,DOX,DOX,DOX,DOX,DOX,DOX,DOX,DOX,DOX,DOX,DOX,DOX,ECX,ECX,TP2,TP2,TP2,TP2,TP2,TP2,TP2,TP2,TP2,ECX,ECX,ECX,ECX,TP2,TP2,TP2,TP2,TP2,TP2,TP2,TP2,TP2,ECX,ECX,ECX,ECX,TP2,TP2,TP2,TP2,TP2,TP2,TP2,TP2,TP2,ECX
kiran,Virgin Islands Us,UB35zx,SW15xz,PR,TP2,TP2,TP2,TP2,TP2,TP2,TP2,TP2,TP2,TP2,TP2,TP2,TP2,TP2,TP2,TP2,TP2,TP2,TP2,TP2,TP2,TP2,TP2,TP2,TP2,DOX,DOX,DOX,TP2,TP2,TP2,TP2,TP2,TP2,TP2,TP2,TP2,DOX,DOX,DOX,DOX,TP2,TP2,TP2,TP2,TP2,TP2,TP2,TP2,TP2,DOX,DOX,DOX,DOX,TP2,TP2,TP2,TP2,TP2,TP2,TP2,TP2,TP2,DOX
kiran,Wallis and Futuna,SW15xz,SW15xz,PR,2S,2S,2S,2S,2S,2S,2S,2S,2S,2S,2S,2S,2S,2S,2S,2S,2S,2S,2S,2S,2S,TP2,TP2,TP2,TP2,DOX,DOX,DOX,DOX,DOX,DOX,DOX,DOX,DOX,DOX,DOX,DOX,DOX,DOX,DOX,DOX,DOX,DOX,DOX,DOX,DOX,DOX,DOX,DOX,DOX,DOX,DOX,DOX,DOX,DOX,DOX,DOX,DOX,DOX,DOX,DOX,DOX,DOX,DOX
kiran,Western Sahara,UB35zx,SW15xz,PR,TP2,TP2,TP2,TP2,TP2,TP2,TP2,TP2,2S,2S,2S,TP2,TP2,TP2,2S,2S,2S,2S,2S,2S,2S,2S,2S,2S,ECX,ECX,DOX,DOX,3HS,3HS,3HS,3HS,3HS,3HS,TP2,TP2,TP2,DOX,DOX,DOX,DOX,3HS,3HS,3HS,3HS,3HS,3HS,TP2,TP2,TP2,DOX,DOX,DOX,DOX,3HS,3HS,3HS,3HS,3HS,3HS,TP2,TP2,TP2,DOX
kiran,Yemen,SW15xz,SW15xz,PR,TP2,TP2,TP2,3HS,TP2,3HS,TP2,TP2,3HS,3HS,TP2,TP2,TP2,TP2,3HS,DOX,DOX,DOX,DOX,DOX,DOX,DOX,DOX,DOX,DOX,DOX,2S,2S,2S,2S,2S,2S,2S,2S,2S,2S,2S,2S,2S,2S,2S,2S,2S,2S,2S,2S,2S,2S,2S,2S,2S,2S,2S,2S,2S,2S,2S,2S,2S,2S,2S,2S,2S,2S
kiran,Zambia,UB35zx,SW15xz,PR,TP2S,TP2S,TP2S,TP2S,TP2S,2S,2S,2S,2S,2S,2S,2S,2S,2S,2S,2S,2S,2S,2S,2S,2S,2S,2S,2S,DOX,DOX,,,2S,2S,2S,2S,2S,2S,2S,2S,2S,,,,,2S,2S,2S,2S,2S,2S,2S,2S,2S,49,53,1H,53,2S,2S,2S,2S,2S,2S,2S,2S,2S,TP2
kiran,Zimbabwe,SW15xz,SW15xz,PR,TP2,TP2,TP2,TP2,TP2,TP2,TP2,TP2,TP2,TP2,TP2,TP2,TP2,TP2,TP2,TP2,TP2,TP2,TP2,TP2,TP2,TP2,TP2,TP2,ECX,ECX,DOX,DOX,2S,2S,TP2,TP2,TP2,TP2,TP2,TP2,TP2,DOX,DOX,DOX,DOX,2S,2S,TP2,TP2,TP2,TP2,TP2,TP2,TP2,DOX,DOX,DOX,DOX,2S,2S,TP2,TP2,TP2,TP2,TP2,TP2,TP2,DOX
